Date,2-Year,5-Year,10-Year,30-Year,,Date,2-Year,5-Year,10-Year,30-Year
17/03/2015,109.6,119.7,127.1,145.72,,17/03/2015,109.6,119.7,127.1,145.72
18/03/2015,109.8,119.7,127.6,145.69,,18/03/2015,109.8,119.7,127.6,145.69
19/03/2015,109.7,119.8,127.6,145.69,,19/03/2015,109.7,119.8,127.6,145.69
20/03/2015,109.8,119.8,127.8,145.84,,20/03/2015,109.8,119.8,127.8,145.84
23/03/2015,109.8,120.6,127.8,146.66,,23/03/2015,109.8,120.6,127.8,146.66
24/03/2015,109.8,120.3,127.8,148.16,,24/03/2015,109.8,120.3,127.8,148.16
25/03/2015,109.8,120.6,128.1,147.97,,25/03/2015,109.8,120.6,128.1,147.97
26/03/2015,109.8,120.7,129.2,148.59,,26/03/2015,109.8,120.7,129.2,148.59
27/03/2015,109.9,120.8,128.8,164.03,,27/03/2015,109.9,120.8,128.8,164.03
30/03/2015,109.8,120.7,129.2,165.25,,30/03/2015,109.8,120.7,129.2,165.25
31/03/2015,109.9,120.4,128.8,164.53,,31/03/2015,109.9,120.4,128.8,164.53
01/04/2015,109.6,120.7,129.1,162.41,,01/04/2015,109.6,120.7,129.1,162.41
02/04/2015,109.6,120.6,128.8,164.41,,02/04/2015,109.6,120.6,128.8,164.41
03/04/2015,109.7,120.9,128.2,163.47,,03/04/2015,109.7,120.9,128.2,163.47
06/04/2015,109.7,120.4,128.7,163.88,,06/04/2015,109.7,120.4,128.7,163.88
07/04/2015,109.7,120.4,128.6,165.81,,07/04/2015,109.7,120.4,128.6,165.81
08/04/2015,109.7,120.9,128.9,164.56,,08/04/2015,109.7,120.9,128.9,164.56
09/04/2015,109.6,120.6,129.4,165.75,,09/04/2015,109.6,120.6,129.4,165.75
10/04/2015,109.6,120.5,129.2,163.75,,10/04/2015,109.6,120.5,129.2,163.75
13/04/2015,109.6,120.5,129.9,164.62,,13/04/2015,109.6,120.5,129.9,164.62
14/04/2015,109.7,120.2,129.4,164.94,,14/04/2015,109.7,120.2,129.4,164.94
15/04/2015,109.7,120.1,129.4,163.25,,15/04/2015,109.7,120.1,129.4,163.25
16/04/2015,109.8,120.3,129.4,163.5,,16/04/2015,109.8,120.3,129.4,163.5
17/04/2015,109.7,120.5,128.8,163.47,,17/04/2015,109.7,120.5,128.8,163.47
20/04/2015,109.7,120.6,128.8,164.38,,20/04/2015,109.7,120.6,128.8,164.38
21/04/2015,109.7,120.7,129,164.09,,21/04/2015,109.7,120.7,129,164.09
22/04/2015,109.6,120.7,129.3,164.12,,22/04/2015,109.6,120.7,129.3,164.12
23/04/2015,109.7,120.6,129.4,165.47,,23/04/2015,109.7,120.6,129.4,165.47
24/04/2015,109.7,120.5,129.7,163.78,,24/04/2015,109.7,120.5,129.7,163.78
27/04/2015,109.7,120.3,129.8,163.38,,27/04/2015,109.7,120.3,129.8,163.38
28/04/2015,109.7,120.5,129.5,161.47,,28/04/2015,109.7,120.5,129.5,161.47
29/04/2015,109.7,120.6,129.4,162.03,,29/04/2015,109.7,120.6,129.4,162.03
30/04/2015,109.6,120.6,128.9,162.56,,30/04/2015,109.6,120.6,128.9,162.56
01/05/2015,109.6,120.4,129.1,162.84,,01/05/2015,109.6,120.4,129.1,162.84
04/05/2015,109.6,120.2,129.4,161.47,,04/05/2015,109.6,120.2,129.4,161.47
05/05/2015,109.6,120.1,129.3,159.88,,05/05/2015,109.6,120.1,129.3,159.88
06/05/2015,109.5,119.8,129,159.59,,06/05/2015,109.5,119.8,129,159.59
07/05/2015,109.5,119.9,128.5,157.62,,07/05/2015,109.5,119.9,128.5,157.62
08/05/2015,109.7,119.7,128.4,156.78,,08/05/2015,109.7,119.7,128.4,156.78
11/05/2015,109.6,119.5,127.8,156.06,,11/05/2015,109.6,119.5,127.8,156.06
12/05/2015,109.6,119.6,127.8,154.31,,12/05/2015,109.6,119.6,127.8,154.31
13/05/2015,109.7,120,127.4,155.97,,13/05/2015,109.7,120,127.4,155.97
14/05/2015,109.8,119.5,127.1,156.22,,14/05/2015,109.8,119.5,127.1,156.22
15/05/2015,109.8,119.6,127.4,153.19,,15/05/2015,109.8,119.6,127.4,153.19
18/05/2015,109.7,119.7,127.8,153.59,,18/05/2015,109.7,119.7,127.8,153.59
19/05/2015,109.6,120,126.9,152.56,,19/05/2015,109.6,120,126.9,152.56
20/05/2015,109.7,120.2,127.1,153,,20/05/2015,109.7,120.2,127.1,153
21/05/2015,109.7,119.9,127,155.59,,21/05/2015,109.7,119.9,127,155.59
22/05/2015,109.6,119.6,127.4,153.47,,22/05/2015,109.6,119.6,127.4,153.47
24/05/2015,109.3,119.8,128,153,,24/05/2015,109.3,119.8,128,153
25/05/2015,109.3,120,127.4,152.72,,25/05/2015,109.3,120,127.4,152.72
26/05/2015,109.6,119.7,127,154.41,,26/05/2015,109.6,119.7,127,154.41
27/05/2015,109.6,119.9,127.3,153.78,,27/05/2015,109.6,119.9,127.3,153.78
28/05/2015,109.7,119.9,127.7,152.44,,28/05/2015,109.7,119.9,127.7,152.44
29/05/2015,109.7,120.1,127.3,152.82,,29/05/2015,109.7,120.1,127.3,152.82
01/06/2015,109.7,120.3,127.9,156.22,,01/06/2015,109.7,120.3,127.9,156.22
02/06/2015,109.6,119.8,127.9,156.56,,02/06/2015,109.6,119.8,127.9,156.56
03/06/2015,109.6,119.6,128,156.34,,03/06/2015,109.6,119.6,128,156.34
04/06/2015,109.6,119.3,128.3,157.19,,04/06/2015,109.6,119.3,128.3,157.19
05/06/2015,109.5,119.5,127.6,154.97,,05/06/2015,109.5,119.5,127.6,154.97
08/06/2015,109.6,119.1,127,153.31,,08/06/2015,109.6,119.1,127,153.31
09/06/2015,109.5,119.3,126.3,151.25,,09/06/2015,109.5,119.3,126.3,151.25
10/06/2015,109.5,119.2,126.7,152.91,,10/06/2015,109.5,119.2,126.7,152.91
11/06/2015,109.5,119,125.9,151.25,,11/06/2015,109.5,119,125.9,151.25
12/06/2015,109.5,119.2,126.1,151.56,,12/06/2015,109.5,119.2,126.1,151.56
15/06/2015,109.6,119.2,125.9,150.66,,15/06/2015,109.6,119.2,125.9,150.66
16/06/2015,109.6,119.4,125.5,149.47,,16/06/2015,109.6,119.4,125.5,149.47
17/06/2015,109.7,119.5,126.1,151.88,,17/06/2015,109.7,119.5,126.1,151.88
18/06/2015,109.7,119.8,126.1,152,,18/06/2015,109.7,119.8,126.1,152
19/06/2015,109.8,119.7,126.4,152.12,,19/06/2015,109.8,119.7,126.4,152.12
22/06/2015,109.4,120,126.6,152.94,,22/06/2015,109.4,120,126.6,152.94
23/06/2015,109.3,119.7,126.9,152.56,,23/06/2015,109.3,119.7,126.9,152.56
24/06/2015,109.7,119.5,126.6,151.25,,24/06/2015,109.7,119.5,126.6,151.25
25/06/2015,109.7,119.6,127.3,153.59,,25/06/2015,109.7,119.6,127.3,153.59
26/06/2015,109.6,119.6,125.8,149.72,,26/06/2015,109.6,119.6,125.8,149.72
29/06/2015,109.8,119.3,125.5,148.81,,29/06/2015,109.8,119.3,125.5,148.81
30/06/2015,109.8,119.9,125.7,149.84,,30/06/2015,109.8,119.9,125.7,149.84
01/07/2015,109.3,119.9,125.6,149.56,,01/07/2015,109.3,119.9,125.6,149.56
02/07/2015,109.5,118.9,125,147.56,,02/07/2015,109.5,118.9,125,147.56
03/07/2015,109.5,119.2,126.2,150.91,,03/07/2015,109.5,119.2,126.2,150.91
06/07/2015,109.6,119.4,126.2,150.84,,06/07/2015,109.6,119.4,126.2,150.84
07/07/2015,109.6,119.7,125.5,148.84,,07/07/2015,109.6,119.7,125.5,148.84
08/07/2015,109.7,119.8,125.9,149.19,,08/07/2015,109.7,119.8,125.9,149.19
09/07/2015,109.6,120,126.3,150.18,,09/07/2015,109.6,120,126.3,150.18
10/07/2015,109.5,119.6,126.8,152.06,,10/07/2015,109.5,119.6,126.8,152.06
13/07/2015,109.4,119.1,127.1,153.5,,13/07/2015,109.4,119.1,127.1,153.5
14/07/2015,109.5,119,127.4,154.12,,14/07/2015,109.5,119,127.4,154.12
15/07/2015,109.5,119.2,126.7,151.59,,15/07/2015,109.5,119.2,126.7,151.59
16/07/2015,109.5,119.4,125.7,149.09,,16/07/2015,109.5,119.4,125.7,149.09
17/07/2015,109.4,119.2,125.6,149.16,,17/07/2015,109.4,119.2,125.6,149.16
20/07/2015,109.4,119.1,125.9,149.53,,20/07/2015,109.4,119.1,125.9,149.53
21/07/2015,109.4,119,126.3,150.84,,21/07/2015,109.4,119,126.3,150.84
22/07/2015,109.4,119.2,126.2,151.34,,22/07/2015,109.4,119.2,126.2,151.34
23/07/2015,109.4,119.2,126.1,152.09,,23/07/2015,109.4,119.2,126.1,152.09
24/07/2015,109.4,119.3,125.9,151.75,,24/07/2015,109.4,119.3,125.9,151.75
27/07/2015,109.5,119.4,126.2,152.31,,27/07/2015,109.5,119.4,126.2,152.31
28/07/2015,109.5,119.7,126.3,153.19,,28/07/2015,109.5,119.7,126.3,153.19
29/07/2015,109.5,119.6,126.6,154.47,,29/07/2015,109.5,119.6,126.6,154.47
30/07/2015,109.4,119.6,126.7,154.59,,30/07/2015,109.4,119.6,126.7,154.59
31/07/2015,109.5,119.5,127.2,155.19,,31/07/2015,109.5,119.5,127.2,155.19
03/08/2015,109.6,119.8,127,154.88,,03/08/2015,109.6,119.8,127,154.88
04/08/2015,109.4,120,126.8,154.38,,04/08/2015,109.4,120,126.8,154.38
05/08/2015,109.4,119.6,126.8,155.16,,05/08/2015,109.4,119.6,126.8,155.16
06/08/2015,109.4,119.3,127.4,155.94,,06/08/2015,109.4,119.3,127.4,155.94
07/08/2015,109.4,119.5,127.8,157.59,,07/08/2015,109.4,119.5,127.8,157.59
10/08/2015,109.4,119.6,127.3,156.88,,10/08/2015,109.4,119.6,127.3,156.88
11/08/2015,109.5,119.5,126.8,155.66,,11/08/2015,109.5,119.5,126.8,155.66
12/08/2015,109.6,119.9,127,156.72,,12/08/2015,109.6,119.9,127,156.72
13/08/2015,109.5,120,127.5,158.53,,13/08/2015,109.5,120,127.5,158.53
14/08/2015,109.4,119.7,127,156.78,,14/08/2015,109.4,119.7,127,156.78
17/08/2015,109.5,119.6,127.9,158.81,,17/08/2015,109.5,119.6,127.9,158.81
18/08/2015,109.5,119.8,128,158.62,,18/08/2015,109.5,119.8,128,158.62
19/08/2015,109.6,119.7,127.5,157.91,,19/08/2015,109.6,119.7,127.5,157.91
20/08/2015,109.5,120.1,127.4,158.12,,20/08/2015,109.5,120.1,127.4,158.12
21/08/2015,109.6,120.1,127.8,159.09,,21/08/2015,109.6,120.1,127.8,159.09
24/08/2015,109.8,120.4,127.5,157.72,,24/08/2015,109.8,120.4,127.5,157.72
25/08/2015,109.6,120.8,128.1,158.81,,25/08/2015,109.6,120.8,128.1,158.81
26/08/2015,109.6,120.2,128.3,160.09,,26/08/2015,109.6,120.2,128.3,160.09
27/08/2015,109.6,120.3,128.7,160.19,,27/08/2015,109.6,120.3,128.7,160.19
28/08/2015,109.5,120.2,129.2,160.91,,28/08/2015,109.5,120.2,129.2,160.91
31/08/2015,109.5,120,128.1,157.72,,31/08/2015,109.5,120,128.1,157.72
01/09/2015,109.5,119.8,127.9,156.03,,01/09/2015,109.5,119.8,127.9,156.03
02/09/2015,109.5,120,128,156.88,,02/09/2015,109.5,120,128,156.88
03/09/2015,109.6,119.9,127.8,156.72,,03/09/2015,109.6,119.9,127.8,156.72
04/09/2015,109.6,120.1,127.6,156.12,,04/09/2015,109.6,120.1,127.6,156.12
06/09/2015,109.6,120.2,127.9,156.12,,06/09/2015,109.6,120.2,127.9,156.12
07/09/2015,109.6,119.8,127.7,155.5,,07/09/2015,109.6,119.8,127.7,155.5
08/09/2015,109.5,119.7,128,155.97,,08/09/2015,109.5,119.7,128,155.97
09/09/2015,109.5,120,128.3,157.31,,09/09/2015,109.5,120,128.3,157.31
10/09/2015,109.5,120,127.6,155.57,,10/09/2015,109.5,120,127.6,155.57
11/09/2015,109.6,119.9,127.5,155.42,,11/09/2015,109.6,119.9,127.5,155.42
14/09/2015,109.5,120.1,127.8,155.44,,14/09/2015,109.5,120.1,127.8,155.44
15/09/2015,109.4,120.1,128,156.16,,15/09/2015,109.4,120.1,128,156.16
16/09/2015,109.3,119.7,127.7,155.28,,16/09/2015,109.3,119.7,127.7,155.28
17/09/2015,109.5,119.6,128.1,156.28,,17/09/2015,109.5,119.6,128.1,156.28
18/09/2015,109.6,120.2,128.1,156.44,,18/09/2015,109.6,120.2,128.1,156.44
21/09/2015,109.5,120.5,127.3,153.88,,21/09/2015,109.5,120.5,127.3,153.88
22/09/2015,109.6,120.2,127.1,153.25,,22/09/2015,109.6,120.2,127.1,153.25
23/09/2015,109.6,120.5,127.9,154.56,,23/09/2015,109.6,120.5,127.9,154.56
24/09/2015,109.6,120.5,128.6,157.25,,24/09/2015,109.6,120.5,128.6,157.25
25/09/2015,109.6,120.6,128,155.31,,25/09/2015,109.6,120.6,128,155.31
28/09/2015,109.7,120.4,128.1,155.75,,28/09/2015,109.7,120.4,128.1,155.75
29/09/2015,109.7,120.7,128,155.62,,29/09/2015,109.7,120.7,128,155.62
30/09/2015,109.7,120.9,128.1,156.69,,30/09/2015,109.7,120.9,128.1,156.69
01/10/2015,109.5,120.8,127.8,155.44,,01/10/2015,109.5,120.8,127.8,155.44
02/10/2015,109.7,120.5,128.4,157.53,,02/10/2015,109.7,120.5,128.4,157.53
05/10/2015,109.6,121,128.8,157.91,,05/10/2015,109.6,121,128.8,157.91
06/10/2015,109.6,120.7,128.7,157.34,,06/10/2015,109.6,120.7,128.7,157.34
07/10/2015,109.6,120.8,128.8,157.81,,07/10/2015,109.6,120.8,128.8,157.81
08/10/2015,109.6,120.6,129.3,158.81,,08/10/2015,109.6,120.6,129.3,158.81
09/10/2015,109.5,120.4,128.8,157.25,,09/10/2015,109.5,120.4,128.8,157.25
12/10/2015,109.6,120.4,129,157.81,,12/10/2015,109.6,120.4,129,157.81
13/10/2015,109.6,120.5,128.8,157.66,,13/10/2015,109.6,120.5,128.8,157.66
14/10/2015,109.7,120.6,128.5,156.41,,14/10/2015,109.7,120.6,128.5,156.41
15/10/2015,109.6,121,128.5,156.91,,15/10/2015,109.6,121,128.5,156.91
16/10/2015,109.6,120.7,128.8,157.81,,16/10/2015,109.6,120.7,128.8,157.81
19/10/2015,109.6,120.7,128.9,157.84,,19/10/2015,109.6,120.7,128.9,157.84
20/10/2015,109.6,120.7,129.6,159.59,,20/10/2015,109.6,120.7,129.6,159.59
21/10/2015,109.6,120.5,129.1,158.72,,21/10/2015,109.6,120.5,129.1,158.72
22/10/2015,109.6,120.6,129,158.94,,22/10/2015,109.6,120.6,129,158.94
23/10/2015,109.6,120.7,129,158.38,,23/10/2015,109.6,120.7,129,158.38
26/10/2015,109.6,120.3,128.6,157.28,,26/10/2015,109.6,120.3,128.6,157.28
27/10/2015,109.6,120.4,128.9,158.41,,27/10/2015,109.6,120.4,128.9,158.41
28/10/2015,109.4,120.6,128.9,158.44,,28/10/2015,109.4,120.6,128.9,158.44
29/10/2015,109.4,120.1,128.4,157.16,,29/10/2015,109.4,120.1,128.4,157.16
30/10/2015,109.3,119.8,128.6,158.03,,30/10/2015,109.3,119.8,128.6,158.03
02/11/2015,109.3,119.8,128.9,158.53,,02/11/2015,109.3,119.8,128.9,158.53
03/11/2015,109.2,119.6,128.2,158.12,,03/11/2015,109.2,119.6,128.2,158.12
04/11/2015,109.2,119.4,127.6,155.84,,04/11/2015,109.2,119.4,127.6,155.84
05/11/2015,109.2,119.2,127.7,156.44,,05/11/2015,109.2,119.2,127.7,156.44
06/11/2015,109.1,119.2,127.4,155.75,,06/11/2015,109.1,119.2,127.4,155.75
09/11/2015,109.1,118.7,127.1,154.62,,09/11/2015,109.1,118.7,127.1,154.62
10/11/2015,109.1,118.7,126.9,154.69,,10/11/2015,109.1,118.7,126.9,154.69
11/11/2015,109.1,118.9,126.8,154.09,,11/11/2015,109.1,118.9,126.8,154.09
12/11/2015,109.1,118.8,126.1,152.31,,12/11/2015,109.1,118.8,126.1,152.31
13/11/2015,109.1,118.8,126,152.09,,13/11/2015,109.1,118.8,126,152.09
16/11/2015,109.2,119.1,126.3,152.59,,16/11/2015,109.2,119.1,126.3,152.59
17/11/2015,109.1,119.2,126.1,152.03,,17/11/2015,109.1,119.2,126.1,152.03
18/11/2015,109.1,119.2,126.2,152.84,,18/11/2015,109.1,119.2,126.2,152.84
19/11/2015,109.1,119.1,126.5,153.38,,19/11/2015,109.1,119.1,126.5,153.38
20/11/2015,109.1,119.1,126.7,153.25,,20/11/2015,109.1,119.1,126.7,153.25
23/11/2015,109,119.1,126.7,153.84,,23/11/2015,109,119.1,126.7,153.84
24/11/2015,109.1,119.1,126.7,153.84,,24/11/2015,109.1,119.1,126.7,153.84
25/11/2015,109.1,119.2,126.8,154.69,,25/11/2015,109.1,119.2,126.8,154.69
26/11/2015,109.2,119.2,126.7,154.44,,26/11/2015,109.2,119.2,126.7,154.44
27/11/2015,109.1,119.2,126.8,154.94,,27/11/2015,109.1,119.2,126.8,154.94
30/11/2015,109,119.2,126.9,155,,30/11/2015,109,119.2,126.9,155
01/12/2015,109.1,119.2,127,155.28,,01/12/2015,109.1,119.2,127,155.28
02/12/2015,109,119.5,127.1,154.14,,02/12/2015,109,119.5,127.1,154.14
03/12/2015,109,119.3,127.1,155.25,,03/12/2015,109,119.3,127.1,155.25
04/12/2015,109,118.8,127,155.41,,04/12/2015,109,118.8,127,155.41
07/12/2015,109,119,127.5,157.22,,07/12/2015,109,119,127.5,157.22
08/12/2015,109,119.2,127.3,157.5,,08/12/2015,109,119.2,127.3,157.5
09/12/2015,109,119.2,126.2,153.5,,09/12/2015,109,119.2,126.2,153.5
10/12/2015,109,119.4,126.6,155.19,,10/12/2015,109,119.4,126.6,155.19
11/12/2015,109.1,119.2,126.9,156.69,,11/12/2015,109.1,119.2,126.9,156.69
14/12/2015,109,119.7,126.9,156.22,,14/12/2015,109,119.7,126.9,156.22
15/12/2015,109,119.3,127.3,156.84,,15/12/2015,109,119.3,127.3,156.84
16/12/2015,108.9,119.1,127,156.47,,16/12/2015,108.9,119.1,127,156.47
17/12/2015,108.9,118.9,127.7,158.59,,17/12/2015,108.9,118.9,127.7,158.59
18/12/2015,109,118.9,127,156.81,,18/12/2015,109,118.9,127,156.81
21/12/2015,109,119.2,126.7,156.09,,21/12/2015,109,119.2,126.7,156.09
22/12/2015,108.9,119.2,126.4,155.91,,22/12/2015,108.9,119.2,126.4,155.91
23/12/2015,108.9,119,126.8,157.25,,23/12/2015,108.9,119,126.8,157.25
24/12/2015,108.9,119,127.1,157.72,,24/12/2015,108.9,119,127.1,157.72
28/12/2015,108.9,118.5,127.2,157.91,,28/12/2015,108.9,118.5,127.2,157.91
29/12/2015,108.8,119,126.2,155.06,,29/12/2015,108.8,119,126.2,155.06
30/12/2015,108.8,118.7,126,154.25,,30/12/2015,108.8,118.7,126,154.25
31/12/2015,108.9,118.7,126.2,155.06,,31/12/2015,108.9,118.7,126.2,155.06
04/01/2016,108.7,118.8,126.3,155.62,,04/01/2016,108.7,118.8,126.3,155.62
05/01/2016,108.7,118.5,125.7,153.28,,05/01/2016,108.7,118.5,125.7,153.28
06/01/2016,108.8,118.6,125.6,153.25,,06/01/2016,108.8,118.6,125.6,153.25
07/01/2016,108.8,118.9,125.9,153.75,,07/01/2016,108.8,118.9,125.9,153.75
08/01/2016,108.9,119.1,126.2,154.25,,08/01/2016,108.9,119.1,126.2,154.25
11/01/2016,108.9,119.3,126.3,153.69,,11/01/2016,108.9,119.3,126.3,153.69
12/01/2016,108.9,119.4,126.9,155.59,,12/01/2016,108.9,119.4,126.9,155.59
13/01/2016,109,119.6,127.1,156,,13/01/2016,109,119.6,127.1,156
14/01/2016,109,119.7,127.4,156.38,,14/01/2016,109,119.7,127.4,156.38
15/01/2016,109.1,119.7,127.4,155.78,,15/01/2016,109.1,119.7,127.4,155.78
17/01/2016,109.3,120,127.8,157.56,,17/01/2016,109.3,120,127.8,157.56
18/01/2016,109.3,120.1,128.1,158.53,,18/01/2016,109.3,120.1,128.1,158.53
19/01/2016,109.1,120,127.8,157.47,,19/01/2016,109.1,120,127.8,157.47
20/01/2016,109.2,120,128.5,159.12,,20/01/2016,109.2,120,128.5,159.12
21/01/2016,109.2,120.3,128.5,159.25,,21/01/2016,109.2,120.3,128.5,159.25
22/01/2016,109.1,120.2,128.4,158.89,,22/01/2016,109.1,120.2,128.4,158.89
25/01/2016,109.1,120,128.4,159.38,,25/01/2016,109.1,120,128.4,159.38
26/01/2016,109.2,120,128.9,160.44,,26/01/2016,109.2,120,128.9,160.44
27/01/2016,109.2,120.2,128.7,159.56,,27/01/2016,109.2,120.2,128.7,159.56
28/01/2016,109.2,120.2,128.4,159.03,,28/01/2016,109.2,120.2,128.4,159.03
29/01/2016,109.3,120.4,128.6,159.62,,29/01/2016,109.3,120.4,128.6,159.62
01/02/2016,109.2,120.7,128.8,160.16,,01/02/2016,109.2,120.7,128.8,160.16
02/02/2016,109.4,120.4,128.9,160,,02/02/2016,109.4,120.4,128.9,160
03/02/2016,109.4,120.9,129,160.06,,03/02/2016,109.4,120.9,129,160.06
04/02/2016,109.4,121,129.6,161.03,,04/02/2016,109.4,121,129.6,161.03
05/02/2016,109.4,121.1,129.2,160.53,,05/02/2016,109.4,121.1,129.2,160.53
08/02/2016,109.6,121,130.1,163.03,,08/02/2016,109.6,121,130.1,163.03
09/02/2016,109.5,121.6,130,162.38,,09/02/2016,109.5,121.6,130,162.38
10/02/2016,109.5,121.5,130.3,162.75,,10/02/2016,109.5,121.5,130.3,162.75
11/02/2016,109.6,121.6,130.4,163.25,,11/02/2016,109.6,121.6,130.4,163.25
12/02/2016,109.5,121.8,131.3,166.03,,12/02/2016,109.5,121.8,131.3,166.03
14/02/2016,109.6,121.3,131.3,166.12,,14/02/2016,109.6,121.3,131.3,166.12
15/02/2016,109.5,121.3,131.5,167.06,,15/02/2016,109.5,121.3,131.5,167.06
16/02/2016,109.5,121.2,132,168.34,,16/02/2016,109.5,121.2,132,168.34
17/02/2016,109.4,121.2,131.1,166.47,,17/02/2016,109.4,121.2,131.1,166.47
18/02/2016,109.4,121,131,166.24,,18/02/2016,109.4,121,131,166.24
19/02/2016,109.4,121.2,130.9,165.89,,19/02/2016,109.4,121.2,130.9,165.89
22/02/2016,109.3,121.1,130.9,165.72,,22/02/2016,109.3,121.1,130.9,165.72
23/02/2016,109.4,121,130.4,164.56,,23/02/2016,109.4,121,130.4,164.56
24/02/2016,109.4,121.2,130.9,166.09,,24/02/2016,109.4,121.2,130.9,166.09
25/02/2016,109.5,121.2,130.9,166.59,,25/02/2016,109.5,121.2,130.9,166.59
26/02/2016,109.3,121.5,130.8,166.19,,26/02/2016,109.3,121.5,130.8,166.19
29/02/2016,109.3,121,130.9,166.75,,29/02/2016,109.3,121,130.9,166.75
01/03/2016,109.2,121.1,131,166.69,,01/03/2016,109.2,121.1,131,166.69
02/03/2016,109.2,120.7,131.5,167.34,,02/03/2016,109.2,120.7,131.5,167.34
03/03/2016,109.2,120.5,130.8,165.62,,03/03/2016,109.2,120.5,130.8,165.62
04/03/2016,109.1,120.6,130.9,165.88,,04/03/2016,109.1,120.6,130.9,165.88
07/03/2016,109.1,120.3,130,163.69,,07/03/2016,109.1,120.3,130,163.69
08/03/2016,109.1,120.2,129.8,164,,08/03/2016,109.1,120.2,129.8,164
09/03/2016,109.1,120.5,129.9,164.81,,09/03/2016,109.1,120.5,129.9,164.81
10/03/2016,109,120.3,129.5,163.59,,10/03/2016,109,120.3,129.5,163.59
11/03/2016,109,120.1,129.3,163.66,,11/03/2016,109,120.1,129.3,163.66
14/03/2016,109,119.9,129.9,165.28,,14/03/2016,109,119.9,129.9,165.28
15/03/2016,109,119.9,129.5,164.19,,15/03/2016,109,119.9,129.5,164.19
16/03/2016,109.2,119.8,129.1,163.72,,16/03/2016,109.2,119.8,129.1,163.72
17/03/2016,109.2,120.3,128.8,162.56,,17/03/2016,109.2,120.3,128.8,162.56
18/03/2016,109.2,120.5,128.9,165.03,,18/03/2016,109.2,120.5,128.9,165.03
21/03/2016,109.2,120.7,128.9,162.81,,21/03/2016,109.2,120.7,128.9,162.81
22/03/2016,109.1,120.5,129.3,163.03,,22/03/2016,109.1,120.5,129.3,163.03
23/03/2016,109.2,120.3,129.6,162.84,,23/03/2016,109.2,120.3,129.6,162.84
24/03/2016,109.2,120.6,129.9,164.06,,24/03/2016,109.2,120.6,129.9,164.06
28/03/2016,109.2,120.5,129.6,164.56,,28/03/2016,109.2,120.5,129.6,164.56
29/03/2016,109.4,120.7,128.8,163.53,,29/03/2016,109.4,120.7,128.8,163.53
30/03/2016,109.4,121,129.3,161.91,,30/03/2016,109.4,121,129.3,161.91
31/03/2016,109.4,121.2,129.2,163.5,,31/03/2016,109.4,121.2,129.2,163.5
01/04/2016,109.3,121.3,129.4,163.03,,01/04/2016,109.3,121.3,129.4,163.03
04/04/2016,109.3,121,130,163.53,,04/04/2016,109.3,121,130,163.53
05/04/2016,109.4,121.1,130,164.5,,05/04/2016,109.4,121.1,130,164.5
06/04/2016,109.4,121.3,130.4,163.47,,06/04/2016,109.4,121.3,130.4,163.47
07/04/2016,109.4,121.3,130.3,164.44,,07/04/2016,109.4,121.3,130.3,164.44
08/04/2016,109.4,121.6,130.5,164.38,,08/04/2016,109.4,121.6,130.5,164.38
11/04/2016,109.4,121.5,130.8,164.66,,11/04/2016,109.4,121.5,130.8,164.66
12/04/2016,109.3,121.5,130.7,166.22,,12/04/2016,109.3,121.5,130.7,166.22
13/04/2016,109.3,121.2,131.3,165.34,,13/04/2016,109.3,121.2,131.3,165.34
14/04/2016,109.3,121.2,131,167,,14/04/2016,109.3,121.2,131,167
15/04/2016,109.4,121.1,131,166.19,,15/04/2016,109.4,121.1,131,166.19
18/04/2016,109.3,121.2,130.6,166.09,,18/04/2016,109.3,121.2,130.6,166.09
19/04/2016,109.3,121.2,130.6,165.03,,19/04/2016,109.3,121.2,130.6,165.03
20/04/2016,109.2,121,130.4,165.88,,20/04/2016,109.2,121,130.4,165.88
21/04/2016,109.2,120.7,130.6,165.31,,21/04/2016,109.2,120.7,130.6,165.31
22/04/2016,109.2,120.6,130.5,166.12,,22/04/2016,109.2,120.6,130.5,166.12
25/04/2016,109.2,120.5,130.4,165.38,,25/04/2016,109.2,120.5,130.4,165.38
26/04/2016,109.1,120.5,129.8,165.06,,26/04/2016,109.1,120.5,129.8,165.06
27/04/2016,109.2,120.3,129.6,163.41,,27/04/2016,109.2,120.3,129.6,163.41
28/04/2016,109.3,120.6,129.5,162.69,,28/04/2016,109.3,120.6,129.5,162.69
29/04/2016,109.3,120.8,129.4,162.47,,29/04/2016,109.3,120.8,129.4,162.47
02/05/2016,109.3,120.9,129.2,161.94,,02/05/2016,109.3,120.9,129.2,161.94
03/05/2016,109.3,120.7,129.8,161.22,,03/05/2016,109.3,120.7,129.8,161.22
04/05/2016,109.4,121.1,130,162.69,,04/05/2016,109.4,121.1,130,162.69
05/05/2016,109.4,121.1,130.1,162.75,,05/05/2016,109.4,121.1,130.1,162.75
06/05/2016,109.4,121.3,129.7,163.31,,06/05/2016,109.4,121.3,129.7,163.31
09/05/2016,109.4,121.2,130.3,162.19,,09/05/2016,109.4,121.2,130.3,162.19
10/05/2016,109.4,121.4,130.4,163.84,,10/05/2016,109.4,121.4,130.4,163.84
11/05/2016,109.4,121.3,130.7,164.38,,11/05/2016,109.4,121.3,130.7,164.38
12/05/2016,109.3,121.4,130.5,165.41,,12/05/2016,109.3,121.4,130.5,165.41
13/05/2016,109.3,121.1,130.8,165.03,,13/05/2016,109.3,121.1,130.8,165.03
16/05/2016,109.3,121.3,130.8,165.47,,16/05/2016,109.3,121.3,130.8,165.47
17/05/2016,109.2,121,130.9,165.56,,17/05/2016,109.2,121,130.9,165.56
18/05/2016,109,120.9,130.6,166.19,,18/05/2016,109,120.9,130.6,166.19
19/05/2016,109.1,120.3,131,165.44,,19/05/2016,109.1,120.3,131,165.44
20/05/2016,109.1,120.5,130.5,166.72,,20/05/2016,109.1,120.5,130.5,166.72
23/05/2016,109.1,120.5,130.4,165.56,,23/05/2016,109.1,120.5,130.4,165.56
24/05/2016,109,120.5,129.4,165.75,,24/05/2016,109,120.5,129.4,165.75
25/05/2016,109,120.3,129.7,163.25,,25/05/2016,109,120.3,129.7,163.25
26/05/2016,109.1,120.3,129.7,164.34,,26/05/2016,109.1,120.3,129.7,164.34
27/05/2016,109.1,120.6,129.8,164.25,,27/05/2016,109.1,120.6,129.8,164.25
29/05/2016,109,120.5,129.6,164.47,,29/05/2016,109,120.5,129.6,164.47
30/05/2016,109,119.8,129.5,164.06,,30/05/2016,109,119.8,129.5,164.06
31/05/2016,109.1,120.6,129.9,163.59,,31/05/2016,109.1,120.6,129.9,163.59
01/06/2016,109.1,120.4,129.8,164.56,,01/06/2016,109.1,120.4,129.8,164.56
02/06/2016,109.1,120.6,129.4,164.31,,02/06/2016,109.1,120.6,129.4,164.31
03/06/2016,109.3,121.2,129.8,162.64,,03/06/2016,109.3,121.2,129.8,162.64
06/06/2016,109.3,121.2,129.6,164.72,,06/06/2016,109.3,121.2,129.6,164.72
07/06/2016,109.3,121.2,129.9,164.94,,07/06/2016,109.3,121.2,129.9,164.94
08/06/2016,109.3,121.2,131,166.06,,08/06/2016,109.3,121.2,131,166.06
09/06/2016,109.4,121.3,130.9,168,,09/06/2016,109.4,121.3,130.9,168
10/06/2016,109.4,121.6,130.9,167.53,,10/06/2016,109.4,121.6,130.9,167.53
13/06/2016,109.5,121.7,130.9,167.91,,13/06/2016,109.5,121.7,130.9,167.91
14/06/2016,109.4,121.8,131.1,168.28,,14/06/2016,109.4,121.8,131.1,168.28
15/06/2016,109.5,122,131.5,168.97,,15/06/2016,109.5,122,131.5,168.97
16/06/2016,109.5,122,131.7,169.78,,16/06/2016,109.5,122,131.7,169.78
17/06/2016,109.5,121.8,131.7,170.22,,17/06/2016,109.5,121.8,131.7,170.22
20/06/2016,109.4,121.7,132,170.38,,20/06/2016,109.4,121.7,132,170.38
21/06/2016,109.4,121.5,132.2,170.66,,21/06/2016,109.4,121.5,132.2,170.66
22/06/2016,109.4,121.6,131.8,171.62,,22/06/2016,109.4,121.6,131.8,171.62
23/06/2016,109.5,121.3,131.4,170.59,,23/06/2016,109.5,121.3,131.4,170.59
24/06/2016,109.6,122.1,131.3,169.47,,24/06/2016,109.6,122.1,131.3,169.47
27/06/2016,109.7,122.5,131.3,169.31,,27/06/2016,109.7,122.5,131.3,169.31
28/06/2016,109.7,122.5,130.8,167.72,,28/06/2016,109.7,122.5,130.8,167.72
29/06/2016,109.6,122.4,132.4,166.09,,29/06/2016,109.6,122.4,132.4,166.09
30/06/2016,109.6,122.4,133.3,169.97,,30/06/2016,109.6,122.4,133.3,169.97
01/07/2016,109.6,122.1,133.3,173.16,,01/07/2016,109.6,122.1,133.3,173.16
03/07/2016,109.8,122.2,133.1,173.09,,03/07/2016,109.8,122.2,133.1,173.09
04/07/2016,109.8,122.2,133,173,,04/07/2016,109.8,122.2,133,173
05/07/2016,109.7,122.5,133.1,172.34,,05/07/2016,109.7,122.5,133.1,172.34
06/07/2016,109.7,122.4,133.3,173.69,,06/07/2016,109.7,122.4,133.3,173.69
07/07/2016,109.6,122.4,133.3,174.17,,07/07/2016,109.6,122.4,133.3,174.17
08/07/2016,109.6,122.4,133.9,174.33,,08/07/2016,109.6,122.4,133.9,174.33
11/07/2016,109.5,122,133.7,176.25,,11/07/2016,109.5,122,133.7,176.25
12/07/2016,109.4,121.7,133.7,175.88,,12/07/2016,109.4,121.7,133.7,175.88
13/07/2016,109.5,121.9,133.8,176.25,,13/07/2016,109.5,121.9,133.8,176.25
14/07/2016,109.4,121.7,133.2,176.94,,14/07/2016,109.4,121.7,133.2,176.94
15/07/2016,109.3,121.4,132.5,175.69,,15/07/2016,109.3,121.4,132.5,175.69
18/07/2016,109.4,121.5,132.8,173.81,,18/07/2016,109.4,121.5,132.8,173.81
19/07/2016,109.4,121.5,132.4,174.97,,19/07/2016,109.4,121.5,132.4,174.97
20/07/2016,109.3,121.4,131.9,173,,20/07/2016,109.3,121.4,131.9,173
21/07/2016,109.4,121.6,132,171.66,,21/07/2016,109.4,121.6,132,171.66
22/07/2016,109.4,121.5,132.2,171.56,,22/07/2016,109.4,121.5,132.2,171.56
25/07/2016,109.3,121.4,132,172.22,,25/07/2016,109.3,121.4,132,172.22
26/07/2016,109.3,121.4,132.2,171.47,,26/07/2016,109.3,121.4,132.2,171.47
27/07/2016,109.4,121.7,132.1,171.47,,27/07/2016,109.4,121.7,132.1,171.47
28/07/2016,109.4,121.7,132.1,171.62,,28/07/2016,109.4,121.7,132.1,171.62
29/07/2016,109.5,122,132.1,171.56,,29/07/2016,109.5,122,132.1,171.56
01/08/2016,109.5,121.9,132.6,171.88,,01/08/2016,109.5,121.9,132.6,171.88
02/08/2016,109.5,121.8,132.6,173.22,,02/08/2016,109.5,121.8,132.6,173.22
03/08/2016,109.5,121.9,133.1,173.34,,03/08/2016,109.5,121.9,133.1,173.34
04/08/2016,109.5,122.1,132.8,174.44,,04/08/2016,109.5,122.1,132.8,174.44
05/08/2016,109.4,121.5,132.6,173.59,,05/08/2016,109.4,121.5,132.6,173.59
08/08/2016,109.4,121.5,132.6,172.34,,08/08/2016,109.4,121.5,132.6,172.34
09/08/2016,109.4,121.6,133,172.16,,09/08/2016,109.4,121.6,133,172.16
10/08/2016,109.5,121.8,132.1,173.16,,10/08/2016,109.5,121.8,132.1,173.16
11/08/2016,109.3,121.4,132.1,171.56,,11/08/2016,109.3,121.4,132.1,171.56
12/08/2016,109.4,121.7,132.3,171.66,,12/08/2016,109.4,121.7,132.3,171.66
15/08/2016,109.4,121.6,132.7,172.72,,15/08/2016,109.4,121.6,132.7,172.72
16/08/2016,109.3,121.4,132.1,173.47,,16/08/2016,109.3,121.4,132.1,173.47
17/08/2016,109.3,121.4,132.5,171.78,,17/08/2016,109.3,121.4,132.5,171.78
18/08/2016,109.4,121.6,132.3,172.97,,18/08/2016,109.4,121.6,132.3,172.97
19/08/2016,109.3,121.4,132,171.75,,19/08/2016,109.3,121.4,132,171.75
22/08/2016,109.3,121.5,132.1,171.09,,22/08/2016,109.3,121.5,132.1,171.09
23/08/2016,109.3,121.5,132.4,171.59,,23/08/2016,109.3,121.5,132.4,171.59
24/08/2016,109.3,121.5,132,171.91,,24/08/2016,109.3,121.5,132,171.91
25/08/2016,109.3,121.4,132.3,171.09,,25/08/2016,109.3,121.4,132.3,171.09
26/08/2016,109.1,120.9,132.2,172.38,,26/08/2016,109.1,120.9,132.2,172.38
29/08/2016,109.2,121.3,132.2,172.44,,29/08/2016,109.2,121.3,132.2,172.44
30/08/2016,109.2,121.2,132.1,172.25,,30/08/2016,109.2,121.2,132.1,172.25
31/08/2016,109.3,121.2,131.4,171.72,,31/08/2016,109.3,121.2,131.4,171.72
01/09/2016,109.3,121.3,132,170.31,,01/09/2016,109.3,121.3,132,170.31
02/09/2016,109.3,121.3,131.9,172.09,,02/09/2016,109.3,121.3,131.9,172.09
04/09/2016,109.3,121.2,131.9,171.78,,04/09/2016,109.3,121.2,131.9,171.78
05/09/2016,109.3,121.2,131.9,171.84,,05/09/2016,109.3,121.2,131.9,171.84
06/09/2016,109.4,121.6,131.7,171.94,,06/09/2016,109.4,121.6,131.7,171.94
07/09/2016,109.3,121.6,130.7,170.97,,07/09/2016,109.3,121.6,130.7,170.97
08/09/2016,109.3,121.2,130.7,169.3,,08/09/2016,109.3,121.2,130.7,169.3
09/09/2016,109.2,121.1,132.3,169.17,,09/09/2016,109.2,121.1,132.3,169.17
12/09/2016,109.3,121.2,132.3,172.12,,12/09/2016,109.3,121.2,132.3,172.12
13/09/2016,109.2,121,131.7,172.19,,13/09/2016,109.2,121,131.7,172.19
14/09/2016,109.3,121.3,131.3,169.91,,14/09/2016,109.3,121.3,131.3,169.91
15/09/2016,109.3,121.3,131.5,168.38,,15/09/2016,109.3,121.3,131.5,168.38
16/09/2016,109.3,121.2,131,168.34,,16/09/2016,109.3,121.2,131,168.34
19/09/2016,109.3,121.2,131.4,166.81,,19/09/2016,109.3,121.2,131.4,166.81
20/09/2016,109.3,121.2,131.5,167.41,,20/09/2016,109.3,121.2,131.5,167.41
21/09/2016,109.2,121.2,131.4,166.94,,21/09/2016,109.2,121.2,131.4,166.94
22/09/2016,109.3,121.3,131.4,167.19,,22/09/2016,109.3,121.3,131.4,167.19
23/09/2016,109.3,121.5,131.5,167.25,,23/09/2016,109.3,121.5,131.5,167.25
26/09/2016,109.4,121.6,131.4,167.53,,26/09/2016,109.4,121.6,131.4,167.53
27/09/2016,109.4,121.7,130.9,167.34,,27/09/2016,109.4,121.7,130.9,167.34
28/09/2016,109.4,121.7,131,167.5,,28/09/2016,109.4,121.7,131,167.5
29/09/2016,109.4,121.7,131.3,167.81,,29/09/2016,109.4,121.7,131.3,167.81
30/09/2016,109.3,121.5,131.5,168.25,,30/09/2016,109.3,121.5,131.5,168.25
03/10/2016,109.2,121.3,131.4,169.44,,03/10/2016,109.2,121.3,131.4,169.44
04/10/2016,109.1,121.1,131.6,169.25,,04/10/2016,109.1,121.1,131.6,169.25
05/10/2016,109.1,121,131.1,169.62,,05/10/2016,109.1,121,131.1,169.62
06/10/2016,109,120.8,131,168.16,,06/10/2016,109,120.8,131,168.16
07/10/2016,109,120.9,130.5,168.06,,07/10/2016,109,120.9,130.5,168.06
10/10/2016,109,120.7,130.2,166.44,,10/10/2016,109,120.7,130.2,166.44
11/10/2016,109,120.7,130,165.72,,11/10/2016,109,120.7,130,165.72
12/10/2016,109,120.7,130.1,165.06,,12/10/2016,109,120.7,130.1,165.06
13/10/2016,109,120.9,129.8,164.91,,13/10/2016,109,120.9,129.8,164.91
14/10/2016,109,120.8,129.9,164.16,,14/10/2016,109,120.8,129.9,164.16
17/10/2016,109.1,121,129.8,164.34,,17/10/2016,109.1,121,129.8,164.34
18/10/2016,109.1,121.1,130.2,164.09,,18/10/2016,109.1,121.1,130.2,164.09
19/10/2016,109.1,121.1,129.9,164.97,,19/10/2016,109.1,121.1,129.9,164.97
20/10/2016,109.1,121,130.1,163.22,,20/10/2016,109.1,121,130.1,163.22
21/10/2016,109.1,121.1,130.3,163.94,,21/10/2016,109.1,121.1,130.3,163.94
24/10/2016,109.1,121,130.3,164.28,,24/10/2016,109.1,121,130.3,164.28
25/10/2016,109.1,121,130.3,164.22,,25/10/2016,109.1,121,130.3,164.22
26/10/2016,109,120.8,130.3,164.66,,26/10/2016,109,120.8,130.3,164.66
27/10/2016,109,120.6,130.2,164.81,,27/10/2016,109,120.6,130.2,164.81
28/10/2016,109.1,120.7,130.2,164.31,,28/10/2016,109.1,120.7,130.2,164.31
31/10/2016,109.1,120.8,129.9,164.69,,31/10/2016,109.1,120.8,129.9,164.69
01/11/2016,109.1,120.9,129.5,163.94,,01/11/2016,109.1,120.9,129.5,163.94
02/11/2016,109.1,121.1,129.6,162.44,,02/11/2016,109.1,121.1,129.6,162.44
03/11/2016,109.2,121.1,129.6,162.19,,03/11/2016,109.2,121.1,129.6,162.19
04/11/2016,109.2,121.2,129.8,162.72,,04/11/2016,109.2,121.2,129.8,162.72
07/11/2016,109.2,120.9,130,163.06,,07/11/2016,109.2,120.9,130,163.06
08/11/2016,109.1,120.7,130,163.25,,08/11/2016,109.1,120.7,130,163.25
09/11/2016,109,120,130.3,162.72,,09/11/2016,109,120,130.3,162.72
10/11/2016,109,119.8,129.8,163.34,,10/11/2016,109,119.8,129.8,163.34
11/11/2016,108.9,119.5,129.5,162.59,,11/11/2016,108.9,119.5,129.5,162.59
14/11/2016,108.8,119.2,128,162.09,,14/11/2016,108.8,119.2,128,162.09
15/11/2016,108.8,119,127.6,156.97,,15/11/2016,108.8,119,127.6,156.97
16/11/2016,108.8,119,127.2,156.22,,16/11/2016,108.8,119,127.2,156.22
17/11/2016,108.8,118.8,126.7,155.16,,17/11/2016,108.8,118.8,126.7,155.16
18/11/2016,108.7,118.6,126.4,154.41,,18/11/2016,108.7,118.6,126.4,154.41
21/11/2016,108.7,118.5,126.5,154.28,,21/11/2016,108.7,118.5,126.5,154.28
22/11/2016,108.7,118.6,126.1,155.03,,22/11/2016,108.7,118.6,126.1,155.03
23/11/2016,108.6,118.3,125.6,153.78,,23/11/2016,108.6,118.3,125.6,153.78
24/11/2016,108.6,118.2,125.6,153.16,,24/11/2016,108.6,118.2,125.6,153.16
25/11/2016,108.6,118.3,125.7,153.19,,25/11/2016,108.6,118.3,125.7,153.19
28/11/2016,108.7,118.5,125.4,153.25,,28/11/2016,108.7,118.5,125.4,153.25
29/11/2016,108.7,118.6,125.1,152.91,,29/11/2016,108.7,118.6,125.1,152.91
30/11/2016,108.7,118.4,125.2,152.55,,30/11/2016,108.7,118.4,125.2,152.55
01/12/2016,108.6,118.1,125.6,152.81,,01/12/2016,108.6,118.1,125.6,152.81
02/12/2016,108.7,118.5,125.8,153.69,,02/12/2016,108.7,118.5,125.8,153.69
05/12/2016,108.7,118.4,125.2,154.12,,05/12/2016,108.7,118.4,125.2,154.12
06/12/2016,108.7,118.4,124.7,152.66,,06/12/2016,108.7,118.4,124.7,152.66
07/12/2016,108.7,118.6,125.2,150.88,,07/12/2016,108.7,118.6,125.2,150.88
08/12/2016,108.7,118.6,125.2,151.88,,08/12/2016,108.7,118.6,125.2,151.88
09/12/2016,108.7,118.3,125.2,152.12,,09/12/2016,108.7,118.3,125.2,152.12
12/12/2016,108.7,118.3,125.6,151.66,,12/12/2016,108.7,118.3,125.6,151.66
13/12/2016,108.6,118.2,125.3,152.56,,13/12/2016,108.6,118.2,125.3,152.56
14/12/2016,108.5,117.8,124.8,151.34,,14/12/2016,108.5,117.8,124.8,151.34
15/12/2016,108.5,117.4,124.8,149.88,,15/12/2016,108.5,117.4,124.8,149.88
16/12/2016,108.4,117.5,124.7,150,,16/12/2016,108.4,117.5,124.7,150
19/12/2016,108.5,117.7,124.2,150.22,,19/12/2016,108.5,117.7,124.2,150.22
20/12/2016,108.5,117.6,123.7,149.84,,20/12/2016,108.5,117.6,123.7,149.84
21/12/2016,108.5,117.7,123.6,149.94,,21/12/2016,108.5,117.7,123.6,149.94
22/12/2016,108.5,117,124,149.03,,22/12/2016,108.5,117,124,149.03
23/12/2016,108.5,117.7,123.9,150.31,,23/12/2016,108.5,117.7,123.9,150.31
26/12/2016,108.4,117.1,123.3,149.88,,26/12/2016,108.4,117.1,123.3,149.88
27/12/2016,108.5,117.6,123.3,148.94,,27/12/2016,108.5,117.6,123.3,148.94
28/12/2016,108.6,117.9,123.4,148.81,,28/12/2016,108.6,117.9,123.4,148.81
29/12/2016,108.7,118.1,123.3,149.12,,29/12/2016,108.7,118.1,123.3,149.12
30/12/2016,108.7,118.3,123.2,148.89,,30/12/2016,108.7,118.3,123.2,148.89
02/01/2017,108.5,117.5,123.6,148.56,,02/01/2017,108.5,117.5,123.6,148.56
03/01/2017,108.3,117.6,123.9,149.72,,03/01/2017,108.3,117.6,123.9,149.72
04/01/2017,108.3,117.5,124.3,149.91,,04/01/2017,108.3,117.5,124.3,149.91
05/01/2017,108.4,118,124,150.66,,05/01/2017,108.4,118,124,150.66
06/01/2017,108.3,117.6,124.1,150.2,,06/01/2017,108.3,117.6,124.1,150.2
09/01/2017,108.4,117.9,124.1,150.56,,09/01/2017,108.4,117.9,124.1,150.56
10/01/2017,108.4,117.9,124.8,150.69,,10/01/2017,108.4,117.9,124.8,150.69
11/01/2017,108.4,117.9,124.4,152.5,,11/01/2017,108.4,117.9,124.4,152.5
12/01/2017,108.4,117.9,124.8,151.78,,12/01/2017,108.4,117.9,124.8,151.78
13/01/2017,108.3,117.8,124.8,152.72,,13/01/2017,108.3,117.8,124.8,152.72
15/01/2017,108.5,117.9,124.8,152.53,,15/01/2017,108.5,117.9,124.8,152.53
16/01/2017,108.5,117.9,124.9,152.81,,16/01/2017,108.5,117.9,124.9,152.81
17/01/2017,108.4,118.2,124.8,152.59,,17/01/2017,108.4,118.2,124.8,152.59
18/01/2017,108.4,117.9,124.8,152.28,,18/01/2017,108.4,117.9,124.8,152.28
19/01/2017,108.3,117.6,124.8,152.49,,19/01/2017,108.3,117.6,124.8,152.49
20/01/2017,108.4,117.7,125.2,152.33,,20/01/2017,108.4,117.7,125.2,152.33
23/01/2017,108.5,118,124.7,153.31,,23/01/2017,108.5,118,124.7,153.31
24/01/2017,108.4,117.7,124.2,152.03,,24/01/2017,108.4,117.7,124.2,152.03
25/01/2017,108.3,117.5,124.2,151.06,,25/01/2017,108.3,117.5,124.2,151.06
26/01/2017,108.4,117.6,124.8,150.78,,26/01/2017,108.4,117.6,124.8,150.78
27/01/2017,108.4,117.7,124.2,152,,27/01/2017,108.4,117.7,124.2,152
30/01/2017,108.4,117.8,123.8,150.59,,30/01/2017,108.4,117.8,123.8,150.59
31/01/2017,108.4,117.9,124,149.47,,31/01/2017,108.4,117.9,124,149.47
01/02/2017,108.4,117.8,124.2,149.78,,01/02/2017,108.4,117.8,124.2,149.78
02/02/2017,108.4,117.8,124.2,150.38,,02/02/2017,108.4,117.8,124.2,150.38
03/02/2017,108.4,117.8,124.5,150.25,,03/02/2017,108.4,117.8,124.5,150.25
06/02/2017,108.5,118.2,124.3,150.84,,06/02/2017,108.5,118.2,124.3,150.84
07/02/2017,108.5,118.2,124.4,150.44,,07/02/2017,108.5,118.2,124.4,150.44
08/02/2017,108.5,118.3,124.3,150.56,,08/02/2017,108.5,118.3,124.3,150.56
09/02/2017,108.5,118.1,124.9,150.03,,09/02/2017,108.5,118.1,124.9,150.03
10/02/2017,108.4,118,125.1,151.53,,10/02/2017,108.4,118,125.1,151.53
13/02/2017,108.4,117.9,125.4,152.19,,13/02/2017,108.4,117.9,125.4,152.19
14/02/2017,108.3,117.6,124.9,153.28,,14/02/2017,108.3,117.6,124.9,153.28
15/02/2017,108.3,117.5,124.8,152.19,,15/02/2017,108.3,117.5,124.8,152.19
16/02/2017,108.4,117.8,124.6,151.91,,16/02/2017,108.4,117.8,124.6,151.91
17/02/2017,108.4,117.9,124.2,151.38,,17/02/2017,108.4,117.9,124.2,151.38
19/02/2017,108.5,117.9,124,150.62,,19/02/2017,108.5,117.9,124,150.62
20/02/2017,108.5,117.9,124.5,149.94,,20/02/2017,108.5,117.9,124.5,149.94
21/02/2017,108.4,117.9,124.7,150.81,,21/02/2017,108.4,117.9,124.7,150.81
22/02/2017,108.5,117.9,124.7,151.25,,22/02/2017,108.5,117.9,124.7,151.25
23/02/2017,108.5,118.1,124.6,151.39,,23/02/2017,108.5,118.1,124.6,151.39
24/02/2017,108.6,118.5,124.7,151.11,,24/02/2017,108.6,118.5,124.7,151.11
27/02/2017,108.5,118.2,124.8,151.31,,27/02/2017,108.5,118.2,124.8,151.31
28/02/2017,108.5,118.1,125.1,151.38,,28/02/2017,108.5,118.1,125.1,151.38
01/03/2017,108.4,117.5,125.6,151.81,,01/03/2017,108.4,117.5,125.6,151.81
02/03/2017,108.3,117.3,125.1,153.22,,02/03/2017,108.3,117.3,125.1,153.22
03/03/2017,108.3,117.4,125.1,152.62,,03/03/2017,108.3,117.4,125.1,152.62
06/03/2017,108.3,117.4,124.3,152.94,,06/03/2017,108.3,117.4,124.3,152.94
07/03/2017,108.3,117.3,124.1,150.69,,07/03/2017,108.3,117.3,124.1,150.69
08/03/2017,108.2,117.2,124.2,150.34,,08/03/2017,108.2,117.2,124.2,150.34
09/03/2017,108.2,117,124.2,150.5,,09/03/2017,108.2,117,124.2,150.5
10/03/2017,108.3,117.1,124.1,150.31,,10/03/2017,108.3,117.1,124.1,150.31
13/03/2017,108.2,117,123.8,150.09,,13/03/2017,108.2,117,123.8,150.09
14/03/2017,108.2,117.1,123.5,149.16,,14/03/2017,108.2,117.1,123.5,149.16
15/03/2017,108.4,117.6,123.7,148.06,,15/03/2017,108.4,117.6,123.7,148.06
16/03/2017,108.3,117.5,123.5,148.06,,16/03/2017,108.3,117.5,123.5,148.06
17/03/2017,108.3,117.6,123.6,147.62,,17/03/2017,108.3,117.6,123.6,147.62
20/03/2017,108.4,117.7,124.4,148.12,,20/03/2017,108.4,117.7,124.4,148.12
21/03/2017,108.4,117.8,124.2,149.62,,21/03/2017,108.4,117.8,124.2,149.62
22/03/2017,108.5,118,124.4,149.25,,22/03/2017,108.5,118,124.4,149.25
23/03/2017,108.5,118,124.7,149.75,,23/03/2017,108.5,118,124.7,149.75
24/03/2017,108.5,118,124.9,150.34,,24/03/2017,108.5,118,124.9,150.34
27/03/2017,108.5,118.1,125.1,151.28,,27/03/2017,108.5,118.1,125.1,151.28
28/03/2017,108.4,117.5,124.4,151.97,,28/03/2017,108.4,117.5,124.4,151.97
29/03/2017,108.5,118.1,124.5,150.53,,29/03/2017,108.5,118.1,124.5,150.53
30/03/2017,108.4,118,124.7,151.09,,30/03/2017,108.4,118,124.7,151.09
31/03/2017,108.5,118.1,124.4,151.47,,31/03/2017,108.5,118.1,124.4,151.47
03/04/2017,108.3,118,124.6,150.78,,03/04/2017,108.3,118,124.6,150.78
04/04/2017,108.3,118,124.3,151.22,,04/04/2017,108.3,118,124.3,151.22
05/04/2017,108.3,118,124.6,150.53,,05/04/2017,108.3,118,124.6,150.53
06/04/2017,108.3,118.1,125,150.84,,06/04/2017,108.3,118.1,125,150.84
07/04/2017,108.2,117.8,125,151.75,,07/04/2017,108.2,117.8,125,151.75
10/04/2017,108.2,117.9,125.1,151.66,,10/04/2017,108.2,117.9,125.1,151.66
11/04/2017,108.3,118.3,125.1,151.5,,11/04/2017,108.3,118.3,125.1,151.5
12/04/2017,108.3,118.3,124.8,151.72,,12/04/2017,108.3,118.3,124.8,151.72
13/04/2017,108.4,118.6,124.9,151.5,,13/04/2017,108.4,118.6,124.9,151.5
17/04/2017,108.4,118.6,125.5,151.78,,17/04/2017,108.4,118.6,125.5,151.78
18/04/2017,108.5,118.9,125.5,152.97,,18/04/2017,108.5,118.9,125.5,152.97
19/04/2017,108.5,118.8,126.1,153,,19/04/2017,108.5,118.8,126.1,153
20/04/2017,108.4,118.6,125.9,154,,20/04/2017,108.4,118.6,125.9,154
21/04/2017,108.4,118.7,126.5,153.47,,21/04/2017,108.4,118.7,126.5,153.47
24/04/2017,108.3,118.5,126.3,155.16,,24/04/2017,108.3,118.5,126.3,155.16
25/04/2017,108.3,118.2,126,154.75,,25/04/2017,108.3,118.2,126,154.75
26/04/2017,108.3,118.3,126.1,154.16,,26/04/2017,108.3,118.3,126.1,154.16
27/04/2017,108.3,118.4,125.8,154.16,,27/04/2017,108.3,118.4,125.8,154.16
28/04/2017,108.3,118.4,125.4,153.44,,28/04/2017,108.3,118.4,125.4,153.44
01/05/2017,108.3,118.3,125.6,152.41,,01/05/2017,108.3,118.3,125.6,152.41
02/05/2017,108.3,118.4,125.6,152.66,,02/05/2017,108.3,118.4,125.6,152.66
03/05/2017,108.3,118.3,125.7,152.72,,03/05/2017,108.3,118.3,125.7,152.72
04/05/2017,108.2,118.1,125.5,152.97,,04/05/2017,108.2,118.1,125.5,152.97
05/05/2017,108.2,118.1,125.7,152,,05/05/2017,108.2,118.1,125.7,152
08/05/2017,108.2,118,125.6,152.75,,08/05/2017,108.2,118,125.6,152.75
09/05/2017,108.2,117.9,125.2,152.81,,09/05/2017,108.2,117.9,125.2,152.81
10/05/2017,108.2,117.9,125.2,151.72,,10/05/2017,108.2,117.9,125.2,151.72
11/05/2017,108.2,117.9,125.1,151.81,,11/05/2017,108.2,117.9,125.1,151.81
12/05/2017,108.3,118.3,124.8,151.31,,12/05/2017,108.3,118.3,124.8,151.31
15/05/2017,108.3,118.3,124.8,150.75,,15/05/2017,108.3,118.3,124.8,150.75
16/05/2017,108.3,118.3,124.9,150.53,,16/05/2017,108.3,118.3,124.9,150.53
17/05/2017,108.4,118.8,125.5,150.62,,17/05/2017,108.4,118.8,125.5,150.62
18/05/2017,108.4,118.7,125.5,151.44,,18/05/2017,108.4,118.7,125.5,151.44
19/05/2017,108.3,118.7,125.6,151.28,,19/05/2017,108.3,118.7,125.6,151.28
22/05/2017,108.3,118.6,126.4,151.59,,22/05/2017,108.3,118.6,126.4,151.59
23/05/2017,108.3,118.5,126.3,153.78,,23/05/2017,108.3,118.5,126.3,153.78
24/05/2017,108.3,118.6,126.2,153.81,,24/05/2017,108.3,118.6,126.2,153.81
25/05/2017,108.3,118.6,126.1,153.84,,25/05/2017,108.3,118.6,126.1,153.84
26/05/2017,108.3,118.6,125.9,153.78,,26/05/2017,108.3,118.6,125.9,153.78
28/05/2017,108.4,118.1,126.1,153.28,,28/05/2017,108.4,118.1,126.1,153.28
29/05/2017,108.4,118.1,126.2,153.53,,29/05/2017,108.4,118.1,126.2,153.53
30/05/2017,108.3,118.8,126.2,153.84,,30/05/2017,108.3,118.8,126.2,153.84
31/05/2017,108.4,118.8,125.9,153.91,,31/05/2017,108.4,118.8,125.9,153.91
01/06/2017,108.3,118.7,125.9,152.83,,01/06/2017,108.3,118.7,125.9,152.83
02/06/2017,108.3,119,126.4,154.59,,02/06/2017,108.3,119,126.4,154.59
05/06/2017,108.3,118.9,126.6,155.12,,05/06/2017,108.3,118.9,126.6,155.12
06/06/2017,108.3,119,126.5,154.84,,06/06/2017,108.3,119,126.5,154.84
07/06/2017,108.3,118.9,126.9,156.16,,07/06/2017,108.3,118.9,126.9,156.16
08/06/2017,108.3,118.8,126.7,155.66,,08/06/2017,108.3,118.8,126.7,155.66
09/06/2017,108.3,118.7,127,156.28,,09/06/2017,108.3,118.7,127,156.28
12/06/2017,108.3,118.7,126.8,155.84,,12/06/2017,108.3,118.7,126.8,155.84
13/06/2017,108.3,118.7,126.7,155.56,,13/06/2017,108.3,118.7,126.7,155.56
14/06/2017,108.3,118.9,126.7,155.53,,14/06/2017,108.3,118.9,126.7,155.53
15/06/2017,108.3,118.8,126.6,155.28,,15/06/2017,108.3,118.8,126.6,155.28
16/06/2017,108.3,118.9,126.6,155.31,,16/06/2017,108.3,118.9,126.6,155.31
19/06/2017,108.2,118.7,127.1,156.91,,19/06/2017,108.2,118.7,127.1,156.91
20/06/2017,108.3,118.8,126.8,156.72,,20/06/2017,108.3,118.8,126.8,156.72
21/06/2017,108.3,118.8,126.9,156.88,,21/06/2017,108.3,118.8,126.9,156.88
22/06/2017,108.3,118.8,126.7,156.66,,22/06/2017,108.3,118.8,126.7,156.66
23/06/2017,108.3,118.8,126.9,157.62,,23/06/2017,108.3,118.8,126.9,157.62
26/06/2017,108.3,118.9,126.8,157.59,,26/06/2017,108.3,118.9,126.8,157.59
27/06/2017,108.3,118.6,126.7,156.47,,27/06/2017,108.3,118.6,126.7,156.47
28/06/2017,108.3,118.7,126.7,156.62,,28/06/2017,108.3,118.7,126.7,156.62
29/06/2017,108.3,118.5,126.8,156.91,,29/06/2017,108.3,118.5,126.8,156.91
30/06/2017,108.3,118.5,126.3,155.69,,30/06/2017,108.3,118.5,126.3,155.69
03/07/2017,108,117.6,126.2,155,,03/07/2017,108,117.6,126.2,155
04/07/2017,108.2,117.7,125.8,154.25,,04/07/2017,108.2,117.7,125.8,154.25
05/07/2017,108,117.6,125.5,153.69,,05/07/2017,108,117.6,125.5,153.69
06/07/2017,108,117.6,125.1,153.06,,06/07/2017,108,117.6,125.1,153.06
07/07/2017,108,117.5,125.2,153.24,,07/07/2017,108,117.5,125.2,153.24
10/07/2017,108,117.6,125.2,153.34,,10/07/2017,108,117.6,125.2,153.34
11/07/2017,108.1,117.7,125,152.28,,11/07/2017,108.1,117.7,125,152.28
12/07/2017,108.1,117.9,124.8,151.66,,12/07/2017,108.1,117.9,124.8,151.66
13/07/2017,108.1,117.8,125.1,152,,13/07/2017,108.1,117.8,125.1,152
14/07/2017,108.1,118,125.2,152.06,,14/07/2017,108.1,118,125.2,152.06
17/07/2017,108.1,118,125.5,152.78,,17/07/2017,108.1,118,125.5,152.78
18/07/2017,108.1,118.2,125.4,152.19,,18/07/2017,108.1,118.2,125.4,152.19
19/07/2017,108.1,118.1,125.7,152.62,,19/07/2017,108.1,118.1,125.7,152.62
20/07/2017,108.1,118.1,125.8,152.88,,20/07/2017,108.1,118.1,125.8,152.88
21/07/2017,108.2,118.3,126.1,153.84,,21/07/2017,108.2,118.3,126.1,153.84
24/07/2017,108.1,118.2,126.1,153.94,,24/07/2017,108.1,118.2,126.1,153.94
25/07/2017,108.1,117.9,126.1,154.06,,25/07/2017,108.1,117.9,126.1,154.06
26/07/2017,108.2,118.2,126.3,154.78,,26/07/2017,108.2,118.2,126.3,154.78
27/07/2017,108.2,118.1,126.2,154.25,,27/07/2017,108.2,118.1,126.2,154.25
28/07/2017,108.2,118.2,125.6,152.62,,28/07/2017,108.2,118.2,125.6,152.62
31/07/2017,108.2,118.2,126,153.16,,31/07/2017,108.2,118.2,126,153.16
01/08/2017,108.2,118.3,125.8,152.59,,01/08/2017,108.2,118.3,125.8,152.59
02/08/2017,108.2,118.2,126,153.19,,02/08/2017,108.2,118.2,126,153.19
03/08/2017,108.2,118.3,125.9,152.97,,03/08/2017,108.2,118.3,125.9,152.97
04/08/2017,108.2,118.2,126.2,154.03,,04/08/2017,108.2,118.2,126.2,154.03
07/08/2017,108.2,118.3,126.1,154.22,,07/08/2017,108.2,118.3,126.1,154.22
08/08/2017,108.2,118.2,126.4,155,,08/08/2017,108.2,118.2,126.4,155
09/08/2017,108.2,118.4,126.1,154.09,,09/08/2017,108.2,118.4,126.1,154.09
10/08/2017,108.2,118.4,126.2,154.31,,10/08/2017,108.2,118.4,126.2,154.31
11/08/2017,108.3,118.7,126,153.72,,11/08/2017,108.3,118.7,126,153.72
14/08/2017,108.2,118.5,126.3,154.72,,14/08/2017,108.2,118.5,126.3,154.72
15/08/2017,108.2,118.3,126.6,155.34,,15/08/2017,108.2,118.3,126.6,155.34
16/08/2017,108.2,118.5,126.8,155.47,,16/08/2017,108.2,118.5,126.8,155.47
17/08/2017,108.2,118.5,126.6,155.16,,17/08/2017,108.2,118.5,126.6,155.16
18/08/2017,108.2,118.5,126.2,154.41,,18/08/2017,108.2,118.5,126.2,154.41
21/08/2017,108.3,118.6,126.5,155.06,,21/08/2017,108.3,118.6,126.5,155.06
22/08/2017,108.2,118.5,126.7,155.69,,22/08/2017,108.2,118.5,126.7,155.69
23/08/2017,108.3,118.6,126.8,155.84,,23/08/2017,108.3,118.6,126.8,155.84
24/08/2017,108.2,118.5,126.8,156.16,,24/08/2017,108.2,118.5,126.8,156.16
25/08/2017,108.2,118.6,126.6,155.59,,25/08/2017,108.2,118.6,126.6,155.59
28/08/2017,108.2,118.7,126.9,156.5,,28/08/2017,108.2,118.7,126.9,156.5
29/08/2017,108.3,118.8,126.7,156.09,,29/08/2017,108.3,118.8,126.7,156.09
30/08/2017,108.3,118.7,126.9,156.53,,30/08/2017,108.3,118.7,126.9,156.53
31/08/2017,108.3,118.8,127,156.75,,31/08/2017,108.3,118.8,127,156.75
01/09/2017,108.2,118.7,127.2,156.94,,01/09/2017,108.2,118.7,127.2,156.94
03/09/2017,108.3,118.5,127.1,156.91,,03/09/2017,108.3,118.5,127.1,156.91
04/09/2017,108.3,118.4,127.3,157.38,,04/09/2017,108.3,118.4,127.3,157.38
05/09/2017,108.3,119.1,127,156.47,,05/09/2017,108.3,119.1,127,156.47
06/09/2017,108.3,118.9,126.8,155.45,,06/09/2017,108.3,118.9,126.8,155.45
07/09/2017,108.4,119.1,126.8,155.36,,07/09/2017,108.4,119.1,126.8,155.36
08/09/2017,108.4,119.1,127.7,158.28,,08/09/2017,108.4,119.1,127.7,158.28
11/09/2017,108.3,118.8,127.3,157.62,,11/09/2017,108.3,118.8,127.3,157.62
12/09/2017,108.3,118.7,127.8,158.66,,12/09/2017,108.3,118.7,127.8,158.66
13/09/2017,108.3,118.5,127.8,158.56,,13/09/2017,108.3,118.5,127.8,158.56
14/09/2017,108.2,118.5,127.3,157.28,,14/09/2017,108.2,118.5,127.3,157.28
15/09/2017,108.2,118.4,126.9,156.53,,15/09/2017,108.2,118.4,126.9,156.53
18/09/2017,108.2,118.3,126.7,156.09,,18/09/2017,108.2,118.3,126.7,156.09
19/09/2017,108.2,118.3,126.7,156.25,,19/09/2017,108.2,118.3,126.7,156.25
20/09/2017,108.1,118,126.6,156.31,,20/09/2017,108.1,118,126.6,156.31
21/09/2017,108.1,118,126.4,155.62,,21/09/2017,108.1,118,126.4,155.62
22/09/2017,108.1,118.1,126.3,155.41,,22/09/2017,108.1,118.1,126.3,155.41
24/09/2017,108,118.2,126.3,155.34,,24/09/2017,108,118.2,126.3,155.34
25/09/2017,108.1,118.2,125.6,153.88,,25/09/2017,108.1,118.2,125.6,153.88
26/09/2017,108.1,118,125.7,154.09,,26/09/2017,108.1,118,125.7,154.09
27/09/2017,108.1,118.1,126.1,154.91,,27/09/2017,108.1,118.1,126.1,154.91
28/09/2017,108.1,118,126,154.78,,28/09/2017,108.1,118,126,154.78
29/09/2017,108.1,117.5,125.4,152.94,,29/09/2017,108.1,117.5,125.4,152.94
02/10/2017,107.8,117.5,125.6,152.78,,02/10/2017,107.8,117.5,125.6,152.78
03/10/2017,107.8,117.5,125.3,152.81,,03/10/2017,107.8,117.5,125.3,152.81
04/10/2017,107.8,117.4,125.3,152.69,,04/10/2017,107.8,117.4,125.3,152.69
05/10/2017,107.8,117.3,125.3,152.62,,05/10/2017,107.8,117.3,125.3,152.62
06/10/2017,107.8,117.3,125.3,152.56,,06/10/2017,107.8,117.3,125.3,152.56
09/10/2017,107.8,117.4,125.2,152.25,,09/10/2017,107.8,117.4,125.2,152.25
10/10/2017,107.8,117.4,125,151.91,,10/10/2017,107.8,117.4,125,151.91
11/10/2017,107.8,117.4,125.1,152.09,,11/10/2017,107.8,117.4,125.1,152.09
12/10/2017,107.8,117.6,125.3,152.5,,12/10/2017,107.8,117.6,125.3,152.5
13/10/2017,107.8,117.3,125.2,152.56,,13/10/2017,107.8,117.3,125.2,152.56
16/10/2017,107.7,117.3,125.4,153.09,,16/10/2017,107.7,117.3,125.4,153.09
17/10/2017,107.7,117.2,125.7,154,,17/10/2017,107.7,117.2,125.7,154
18/10/2017,107.7,117.3,125.4,153.72,,18/10/2017,107.7,117.3,125.4,153.72
19/10/2017,107.7,117.1,125.4,154.06,,19/10/2017,107.7,117.1,125.4,154.06
20/10/2017,107.7,117.2,125.1,153.03,,20/10/2017,107.7,117.2,125.1,153.03
23/10/2017,107.7,117.1,125.3,153.53,,23/10/2017,107.7,117.1,125.3,153.53
24/10/2017,107.7,117,124.8,152.19,,24/10/2017,107.7,117,124.8,152.19
25/10/2017,107.7,116.9,124.9,152.34,,25/10/2017,107.7,116.9,124.9,152.34
26/10/2017,107.6,117,124.7,151.69,,26/10/2017,107.6,117,124.7,151.69
27/10/2017,107.7,117.3,124.5,150.91,,27/10/2017,107.7,117.3,124.5,150.91
30/10/2017,107.7,117.2,124.4,150.72,,30/10/2017,107.7,117.2,124.4,150.72
31/10/2017,107.7,117.1,124.6,151.19,,31/10/2017,107.7,117.1,124.6,151.19
01/11/2017,107.6,117.2,125,152.38,,01/11/2017,107.6,117.2,125,152.38
02/11/2017,107.7,117.2,124.9,152.47,,02/11/2017,107.7,117.2,124.9,152.47
03/11/2017,107.6,117.3,124.9,152.75,,03/11/2017,107.6,117.3,124.9,152.75
06/11/2017,107.6,117.3,125.1,153.47,,06/11/2017,107.6,117.3,125.1,153.47
07/11/2017,107.6,117.2,125.2,153.66,,07/11/2017,107.6,117.2,125.2,153.66
08/11/2017,107.6,117.2,125.4,154.22,,08/11/2017,107.6,117.2,125.4,154.22
09/11/2017,107.6,117,125.4,154.69,,09/11/2017,107.6,117,125.4,154.69
10/11/2017,107.6,116.9,125.3,154.34,,10/11/2017,107.6,116.9,125.3,154.34
13/11/2017,107.5,116.9,125.2,153.88,,13/11/2017,107.5,116.9,125.2,153.88
14/11/2017,107.5,117.1,124.7,152.31,,14/11/2017,107.5,117.1,124.7,152.31
15/11/2017,107.5,116.9,124.6,152.41,,15/11/2017,107.5,116.9,124.6,152.41
16/11/2017,107.5,116.9,124.7,152.88,,16/11/2017,107.5,116.9,124.7,152.88
17/11/2017,107.5,116.8,125.1,154,,17/11/2017,107.5,116.8,125.1,154
20/11/2017,107.4,116.7,124.9,153.56,,20/11/2017,107.4,116.7,124.9,153.56
21/11/2017,107.4,117,124.9,153.78,,21/11/2017,107.4,117,124.9,153.78
22/11/2017,107.5,117,124.7,153.66,,22/11/2017,107.5,117,124.7,153.66
23/11/2017,107.5,116.9,124.7,154.09,,23/11/2017,107.5,116.9,124.7,154.09
24/11/2017,107.5,117,125.1,154.5,,24/11/2017,107.5,117,125.1,154.5
27/11/2017,107.5,116.9,125.1,154.64,,27/11/2017,107.5,116.9,125.1,154.64
28/11/2017,107.5,116.8,125,154.25,,28/11/2017,107.5,116.8,125,154.25
29/11/2017,107.4,116.6,125.1,154.34,,29/11/2017,107.4,116.6,125.1,154.34
30/11/2017,107.4,116.7,125,154.28,,30/11/2017,107.4,116.7,125,154.28
01/12/2017,107.4,116.5,124.7,153.31,,01/12/2017,107.4,116.5,124.7,153.31
04/12/2017,107.3,116.5,124.3,152.84,,04/12/2017,107.3,116.5,124.3,152.84
05/12/2017,107.3,116.7,124.7,154.38,,05/12/2017,107.3,116.7,124.7,154.38
06/12/2017,107.3,116.6,124.5,154.12,,06/12/2017,107.3,116.6,124.5,154.12
07/12/2017,107.3,116.6,124.6,154.81,,07/12/2017,107.3,116.6,124.6,154.81
08/12/2017,107.4,116.5,124.8,155.16,,08/12/2017,107.4,116.5,124.8,155.16
11/12/2017,107.3,116.5,124.5,153.97,,11/12/2017,107.3,116.5,124.5,153.97
12/12/2017,107.3,116.8,124.5,154,,12/12/2017,107.3,116.8,124.5,154
13/12/2017,107.4,116.7,124.5,154.16,,13/12/2017,107.4,116.7,124.5,154.16
14/12/2017,107.3,116.6,124.4,153.78,,14/12/2017,107.3,116.6,124.4,153.78
15/12/2017,107.3,116.5,124.8,154.81,,15/12/2017,107.3,116.5,124.8,154.81
18/12/2017,107.3,116.3,124.8,155.22,,18/12/2017,107.3,116.3,124.8,155.22
19/12/2017,107.3,116.2,124.6,155.38,,19/12/2017,107.3,116.2,124.6,155.38
20/12/2017,107.3,116.2,124.5,154.28,,20/12/2017,107.3,116.2,124.5,154.28
21/12/2017,107.2,116.1,123.9,152.53,,21/12/2017,107.2,116.1,123.9,152.53
22/12/2017,107.2,115.9,123.5,150.56,,22/12/2017,107.2,115.9,123.5,150.56
25/12/2017,107,115.9,123.5,151.19,,25/12/2017,107,115.9,123.5,151.19
26/12/2017,107.2,116.1,123.5,151,,26/12/2017,107.2,116.1,123.5,151
27/12/2017,107.3,116.3,123.5,150.78,,27/12/2017,107.3,116.3,123.5,150.78
28/12/2017,107.2,116.4,123.6,151.62,,28/12/2017,107.2,116.4,123.6,151.62
29/12/2017,107.1,116.2,124,152.94,,29/12/2017,107.1,116.2,124,152.94
01/01/2018,107,116,123.8,152.72,,01/01/2018,107,116,123.8,152.72
02/01/2018,107,116,124.1,153,,02/01/2018,107,116,124.1,153
03/01/2018,107,115.9,124,152.88,,03/01/2018,107,115.9,124,152.88
04/01/2018,106.9,115.8,123.7,151.75,,04/01/2018,106.9,115.8,123.7,151.75
05/01/2018,106.9,115.8,123.8,152.31,,05/01/2018,106.9,115.8,123.8,152.31
08/01/2018,106.9,115.6,123.7,152.31,,08/01/2018,106.9,115.6,123.7,152.31
09/01/2018,106.9,115.6,123.5,151.81,,09/01/2018,106.9,115.6,123.5,151.81
10/01/2018,106.9,115.7,123.5,151.72,,10/01/2018,106.9,115.7,123.5,151.72
11/01/2018,106.9,115.5,123.1,150.22,,11/01/2018,106.9,115.5,123.1,150.22
12/01/2018,106.8,115.6,123,150.06,,12/01/2018,106.8,115.6,123,150.06
14/01/2018,106.8,115.5,123.1,150.44,,14/01/2018,106.8,115.5,123.1,150.44
15/01/2018,106.8,115.5,122.9,150.5,,15/01/2018,106.8,115.5,122.9,150.5
16/01/2018,106.8,115.3,123,150.5,,16/01/2018,106.8,115.3,123,150.5
17/01/2018,106.8,115.3,122.9,150.44,,17/01/2018,106.8,115.3,122.9,150.44
18/01/2018,106.8,115.2,123,150.81,,18/01/2018,106.8,115.2,123,150.81
19/01/2018,106.7,115,122.7,150.31,,19/01/2018,106.7,115,122.7,150.31
22/01/2018,106.7,115.2,122.5,149.44,,22/01/2018,106.7,115.2,122.5,149.44
23/01/2018,106.8,115.1,122.3,149,,23/01/2018,106.8,115.1,122.3,149
24/01/2018,106.7,115.2,122.1,148.69,,24/01/2018,106.7,115.2,122.1,148.69
25/01/2018,106.7,115,122.4,149.22,,25/01/2018,106.7,115,122.4,149.22
26/01/2018,106.7,114.9,122.2,148.47,,26/01/2018,106.7,114.9,122.2,148.47
29/01/2018,106.7,114.8,122.4,149.41,,29/01/2018,106.7,114.8,122.4,149.41
30/01/2018,106.7,114.7,122.1,148.75,,30/01/2018,106.7,114.7,122.1,148.75
31/01/2018,106.6,114.6,121.8,148.12,,31/01/2018,106.6,114.6,121.8,148.12
01/02/2018,106.6,114.4,121.6,147.38,,01/02/2018,106.6,114.4,121.6,147.38
02/02/2018,106.6,114.8,121.6,147.81,,02/02/2018,106.6,114.8,121.6,147.81
05/02/2018,106.7,114.8,121.2,146.56,,05/02/2018,106.7,114.8,121.2,146.56
06/02/2018,106.7,114.6,120.7,144.78,,06/02/2018,106.7,114.6,120.7,144.78
07/02/2018,106.6,114.6,121.3,145.69,,07/02/2018,106.6,114.6,121.3,145.69
08/02/2018,106.6,114.8,121.5,146.03,,08/02/2018,106.6,114.8,121.5,146.03
09/02/2018,106.8,114.6,121,144.62,,09/02/2018,106.8,114.6,121,144.62
12/02/2018,106.7,114.6,120.9,144.09,,12/02/2018,106.7,114.6,120.9,144.09
13/02/2018,106.7,114.2,121.2,144.16,,13/02/2018,106.7,114.2,121.2,144.16
14/02/2018,106.5,114.2,120.9,144.41,,14/02/2018,106.5,114.2,120.9,144.41
15/02/2018,106.5,114.3,121,144.56,,15/02/2018,106.5,114.3,121,144.56
16/02/2018,106.5,114.3,120.3,143.38,,16/02/2018,106.5,114.3,120.3,143.38
18/02/2018,106.5,114.2,120.5,144,,18/02/2018,106.5,114.2,120.5,144
19/02/2018,106.5,114.2,120.6,144.22,,19/02/2018,106.5,114.2,120.6,144.22
20/02/2018,106.5,114.1,120.6,144.34,,20/02/2018,106.5,114.1,120.6,144.34
21/02/2018,106.5,114.2,120.4,144.06,,21/02/2018,106.5,114.2,120.4,144.06
22/02/2018,106.5,114.4,120.5,143.88,,22/02/2018,106.5,114.4,120.5,143.88
23/02/2018,106.5,114.4,120.2,142.69,,23/02/2018,106.5,114.4,120.2,142.69
26/02/2018,106.6,114.2,120.4,143.12,,26/02/2018,106.6,114.2,120.4,143.12
27/02/2018,106.5,114.2,120.7,144.06,,27/02/2018,106.5,114.2,120.7,144.06
28/02/2018,106.5,114.6,120.8,144.22,,28/02/2018,106.5,114.6,120.8,144.22
01/03/2018,106.6,114.4,120.4,143.56,,01/03/2018,106.6,114.4,120.4,143.56
02/03/2018,106.6,114.3,120.7,144.44,,02/03/2018,106.6,114.3,120.7,144.44
05/03/2018,106.6,114.3,121.2,145.34,,05/03/2018,106.6,114.3,121.2,145.34
06/03/2018,106.5,114.3,120.8,144.44,,06/03/2018,106.5,114.3,120.8,144.44
07/03/2018,106.5,114.4,120.7,144.12,,07/03/2018,106.5,114.4,120.7,144.12
08/03/2018,106.5,114.3,120.7,144.41,,08/03/2018,106.5,114.3,120.7,144.41
09/03/2018,106.5,114.3,120.6,144.12,,09/03/2018,106.5,114.3,120.6,144.12
12/03/2018,106.6,114.4,120.8,144.59,,12/03/2018,106.6,114.4,120.8,144.59
13/03/2018,106.6,114.5,120.7,144.16,,13/03/2018,106.6,114.5,120.7,144.16
14/03/2018,106.6,114.4,120.8,144.75,,14/03/2018,106.6,114.4,120.8,144.75
15/03/2018,106.5,114.3,120.9,145.16,,15/03/2018,106.5,114.3,120.9,145.16
16/03/2018,106.5,114.3,121.1,145.88,,16/03/2018,106.5,114.3,121.1,145.88
19/03/2018,106.5,114.2,121.1,145.81,,19/03/2018,106.5,114.2,121.1,145.81
20/03/2018,106.5,114.1,121,145.44,,20/03/2018,106.5,114.1,121,145.44
21/03/2018,106.5,114.4,121,145.53,,21/03/2018,106.5,114.4,121,145.53
22/03/2018,106.5,114.5,120.7,144.81,,22/03/2018,106.5,114.5,120.7,144.81
23/03/2018,106.6,114.4,120,143.5,,23/03/2018,106.6,114.4,120,143.5
26/03/2018,106.5,114.7,120.5,144.75,,26/03/2018,106.5,114.7,120.5,144.75
27/03/2018,106.6,114.6,120.6,144.72,,27/03/2018,106.6,114.6,120.6,144.72
28/03/2018,106.6,114.7,120.5,144.72,,28/03/2018,106.6,114.7,120.5,144.72
29/03/2018,106.6,114.6,120.9,145.62,,29/03/2018,106.6,114.6,120.9,145.62
02/04/2018,106.4,114.3,120.9,145.88,,02/04/2018,106.4,114.3,120.9,145.88
03/04/2018,106.3,114.3,121.1,146.62,,03/04/2018,106.3,114.3,121.1,146.62
04/04/2018,106.3,114.1,121.3,146.75,,04/04/2018,106.3,114.1,121.3,146.75
05/04/2018,106.3,114.4,120.8,145.88,,05/04/2018,106.3,114.4,120.8,145.88
06/04/2018,106.3,114.3,120.8,145.72,,06/04/2018,106.3,114.3,120.8,145.72
09/04/2018,106.3,114.2,120.6,144.91,,09/04/2018,106.3,114.2,120.6,144.91
10/04/2018,106.3,114.2,121,146.03,,10/04/2018,106.3,114.2,121,146.03
11/04/2018,106.3,114,120.9,146.06,,11/04/2018,106.3,114,120.9,146.06
12/04/2018,106.2,114,120.8,145.94,,12/04/2018,106.2,114,120.8,145.94
13/04/2018,106.2,114,120.8,146.12,,13/04/2018,106.2,114,120.8,146.12
16/04/2018,106.2,114,120.5,145.38,,16/04/2018,106.2,114,120.5,145.38
17/04/2018,106.1,113.7,120.5,145.41,,17/04/2018,106.1,113.7,120.5,145.41
18/04/2018,106.1,113.6,120.5,145.47,,18/04/2018,106.1,113.6,120.5,145.47
19/04/2018,106.1,113.5,120.6,146.03,,19/04/2018,106.1,113.5,120.6,146.03
20/04/2018,106,113.3,120.1,144.94,,20/04/2018,106,113.3,120.1,144.94
23/04/2018,106,113.4,119.8,143.78,,23/04/2018,106,113.4,119.8,143.78
24/04/2018,106,113.3,119.6,143.09,,24/04/2018,106,113.3,119.6,143.09
25/04/2018,106,113.4,119.3,142.97,,25/04/2018,106,113.4,119.3,142.97
26/04/2018,106,113.5,119.3,142.53,,26/04/2018,106,113.5,119.3,142.53
27/04/2018,106,113.5,119.1,141.75,,27/04/2018,106,113.5,119.1,141.75
30/04/2018,106,113.4,119.3,142.38,,30/04/2018,106,113.4,119.3,142.38
01/05/2018,106,113.4,119.5,143.25,,01/05/2018,106,113.4,119.5,143.25
02/05/2018,106,113.5,119.6,143.84,,02/05/2018,106,113.5,119.6,143.84
03/05/2018,106.1,113.5,119.4,143.16,,03/05/2018,106.1,113.5,119.4,143.16
04/05/2018,106,113.5,119.5,143.25,,04/05/2018,106,113.5,119.5,143.25
07/05/2018,106,113.4,119.7,143.56,,07/05/2018,106,113.4,119.7,143.56
08/05/2018,106,113.3,119.7,143.66,,08/05/2018,106,113.3,119.7,143.66
09/05/2018,106,113.3,119.7,143.56,,09/05/2018,106,113.3,119.7,143.56
10/05/2018,105.9,113.3,119.5,143.38,,10/05/2018,105.9,113.3,119.5,143.38
11/05/2018,105.9,113.2,119.3,142.66,,11/05/2018,105.9,113.2,119.3,142.66
14/05/2018,105.9,112.9,119.4,143.19,,14/05/2018,105.9,112.9,119.4,143.19
15/05/2018,105.9,112.9,119.4,143.12,,15/05/2018,105.9,112.9,119.4,143.12
16/05/2018,105.9,112.9,119.3,142.75,,16/05/2018,105.9,112.9,119.3,142.75
17/05/2018,105.9,113.1,118.6,141.06,,17/05/2018,105.9,113.1,118.6,141.06
18/05/2018,105.9,113.1,118.6,140.94,,18/05/2018,105.9,113.1,118.6,140.94
21/05/2018,105.9,113.1,118.5,140.44,,21/05/2018,105.9,113.1,118.5,140.44
22/05/2018,105.9,113.4,118.8,141.19,,22/05/2018,105.9,113.4,118.8,141.19
23/05/2018,106,113.5,118.8,141.28,,23/05/2018,106,113.5,118.8,141.28
24/05/2018,106.1,113.7,118.9,141.25,,24/05/2018,106.1,113.7,118.9,141.25
25/05/2018,106.1,113.3,119.4,142.22,,25/05/2018,106.1,113.3,119.4,142.22
27/05/2018,105.9,113.6,119.5,142.78,,27/05/2018,105.9,113.6,119.5,142.78
28/05/2018,106,114.6,119.9,143.69,,28/05/2018,106,114.6,119.9,143.69
29/05/2018,106.4,114.1,119.4,142.66,,29/05/2018,106.4,114.1,119.4,142.66
30/05/2018,106.2,114.1,119.8,143.47,,30/05/2018,106.2,114.1,119.8,143.47
31/05/2018,106.2,113.8,121.2,146.25,,31/05/2018,106.2,113.8,121.2,146.25
01/06/2018,106.1,113.6,120.6,145.44,,01/06/2018,106.1,113.6,120.6,145.44
04/06/2018,106.1,113.7,120.7,146,,04/06/2018,106.1,113.7,120.7,146
05/06/2018,106.1,113.5,120.2,144.81,,05/06/2018,106.1,113.5,120.2,144.81
06/06/2018,106.1,113.6,119.8,144.12,,06/06/2018,106.1,113.6,119.8,144.12
07/06/2018,106.1,113.7,120,144.31,,07/06/2018,106.1,113.7,120,144.31
08/06/2018,106.1,113.5,119.6,143.25,,08/06/2018,106.1,113.5,119.6,143.25
11/06/2018,106.1,113.5,119.9,144.12,,11/06/2018,106.1,113.5,119.9,144.12
12/06/2018,106,113.3,119.9,144.03,,12/06/2018,106,113.3,119.9,144.03
13/06/2018,106,113.5,119.8,143.66,,13/06/2018,106,113.5,119.8,143.66
14/06/2018,106,113.5,119.7,143.75,,14/06/2018,106,113.5,119.7,143.75
15/06/2018,106,113.5,119.5,143.44,,15/06/2018,106,113.5,119.5,143.44
18/06/2018,106,113.7,119.8,144.12,,18/06/2018,106,113.7,119.8,144.12
19/06/2018,106,113.6,119.9,144.5,,19/06/2018,106,113.6,119.9,144.5
20/06/2018,106,113.7,119.9,144.41,,20/06/2018,106,113.7,119.9,144.41
21/06/2018,106.1,113.7,120.1,144.94,,21/06/2018,106.1,113.7,120.1,144.94
22/06/2018,106,113.8,120,144.5,,22/06/2018,106,113.8,120,144.5
25/06/2018,106.1,113.8,119.9,143.97,,25/06/2018,106.1,113.8,119.9,143.97
26/06/2018,106.1,114,119.8,143.97,,26/06/2018,106.1,114,119.8,143.97
27/06/2018,106.1,113.9,120,144.34,,27/06/2018,106.1,113.9,120,144.34
28/06/2018,106.1,114,120,144.25,,28/06/2018,106.1,114,120,144.25
29/06/2018,106.1,113.5,120.4,145.28,,29/06/2018,106.1,113.5,120.4,145.28
02/07/2018,105.9,113.6,120.2,144.97,,02/07/2018,105.9,113.6,120.2,144.97
03/07/2018,105.9,113.6,120.2,145,,03/07/2018,105.9,113.6,120.2,145
04/07/2018,105.9,113.6,120.1,144.75,,04/07/2018,105.9,113.6,120.1,144.75
05/07/2018,105.8,113.6,120.3,145.34,,05/07/2018,105.8,113.6,120.3,145.34
06/07/2018,105.9,113.5,120.3,145.28,,06/07/2018,105.9,113.5,120.3,145.28
09/07/2018,105.9,113.4,120.3,145.5,,09/07/2018,105.9,113.4,120.3,145.5
10/07/2018,105.8,113.6,120.3,145.66,,10/07/2018,105.8,113.6,120.3,145.66
11/07/2018,105.8,113.5,120.1,145.12,,11/07/2018,105.8,113.5,120.1,145.12
12/07/2018,105.8,113.6,120,145,,12/07/2018,105.8,113.6,120,145
13/07/2018,105.8,113.5,120.3,145.47,,13/07/2018,105.8,113.5,120.3,145.47
16/07/2018,105.8,113.5,120.2,145.28,,16/07/2018,105.8,113.5,120.2,145.28
17/07/2018,105.8,113.5,120.4,145.69,,17/07/2018,105.8,113.5,120.4,145.69
18/07/2018,105.8,113.6,120.2,145.12,,18/07/2018,105.8,113.6,120.2,145.12
19/07/2018,105.8,113.5,120.1,145.03,,19/07/2018,105.8,113.5,120.1,145.03
20/07/2018,105.8,113.2,120.1,144.72,,20/07/2018,105.8,113.2,120.1,144.72
23/07/2018,105.7,113.2,120.3,145.28,,23/07/2018,105.7,113.2,120.3,145.28
24/07/2018,105.7,113.3,120,144.19,,24/07/2018,105.7,113.3,120,144.19
25/07/2018,105.7,113.1,119.5,142.81,,25/07/2018,105.7,113.1,119.5,142.81
26/07/2018,105.7,113.1,119.6,143.19,,26/07/2018,105.7,113.1,119.6,143.19
27/07/2018,105.7,113.1,119.7,143.41,,27/07/2018,105.7,113.1,119.7,143.41
30/07/2018,105.7,113.1,119.3,142.69,,30/07/2018,105.7,113.1,119.3,142.69
31/07/2018,105.7,113,119.4,142.94,,31/07/2018,105.7,113,119.4,142.94
01/08/2018,105.7,113.1,119.4,142.62,,01/08/2018,105.7,113.1,119.4,142.62
02/08/2018,105.7,113.3,119.4,142.97,,02/08/2018,105.7,113.3,119.4,142.97
03/08/2018,105.8,113.3,119.2,142.22,,03/08/2018,105.8,113.3,119.2,142.22
06/08/2018,105.7,113.2,119.3,142.44,,06/08/2018,105.7,113.2,119.3,142.44
07/08/2018,105.7,113.2,119.6,142.97,,07/08/2018,105.7,113.2,119.6,142.97
08/08/2018,105.7,113.3,119.7,143.25,,08/08/2018,105.7,113.3,119.7,143.25
09/08/2018,105.8,113.7,119.5,142.59,,09/08/2018,105.8,113.7,119.5,142.59
10/08/2018,105.9,113.6,119.5,142.62,,10/08/2018,105.9,113.6,119.5,142.62
13/08/2018,105.8,113.5,119.7,143.28,,13/08/2018,105.8,113.5,119.7,143.28
14/08/2018,105.8,113.7,120.4,144.66,,14/08/2018,105.8,113.7,120.4,144.66
15/08/2018,105.8,113.6,120.3,144.31,,15/08/2018,105.8,113.6,120.3,144.31
16/08/2018,105.8,113.6,120.1,144.03,,16/08/2018,105.8,113.6,120.1,144.03
17/08/2018,105.8,113.8,120.4,144.75,,17/08/2018,105.8,113.8,120.4,144.75
20/08/2018,105.9,113.7,120.3,144.53,,20/08/2018,105.9,113.7,120.3,144.53
21/08/2018,105.8,113.8,120.3,144.53,,21/08/2018,105.8,113.8,120.3,144.53
22/08/2018,105.9,113.8,120.6,145.47,,22/08/2018,105.9,113.8,120.6,145.47
23/08/2018,105.8,113.7,120.5,145.12,,23/08/2018,105.8,113.7,120.5,145.12
24/08/2018,105.8,113.6,120.6,145.47,,24/08/2018,105.8,113.6,120.6,145.47
27/08/2018,105.8,113.5,120.6,145.66,,27/08/2018,105.8,113.5,120.6,145.66
28/08/2018,105.8,113.4,120.5,145.59,,28/08/2018,105.8,113.4,120.5,145.59
29/08/2018,105.7,113.5,120.3,145.12,,29/08/2018,105.7,113.5,120.3,145.12
30/08/2018,105.8,113.1,120.1,144.44,,30/08/2018,105.8,113.1,120.1,144.44
31/08/2018,105.7,113.4,120.1,144.59,,31/08/2018,105.7,113.4,120.1,144.59
02/09/2018,105.7,113.4,120.3,144.97,,02/09/2018,105.7,113.4,120.3,144.97
03/09/2018,105.7,113.5,119.4,144.97,,03/09/2018,105.7,113.5,119.4,144.97
04/09/2018,105.8,113.5,120.2,144,,04/09/2018,105.8,113.5,120.2,144
05/09/2018,105.8,113.6,120.2,143.97,,05/09/2018,105.8,113.6,120.2,143.97
06/09/2018,105.8,113.2,120.1,143.88,,06/09/2018,105.8,113.2,120.1,143.88
07/09/2018,105.7,113.2,120.1,143.88,,07/09/2018,105.7,113.2,120.1,143.88
10/09/2018,105.7,113,120.3,144.38,,10/09/2018,105.7,113,120.3,144.38
11/09/2018,105.6,113.1,119.8,143.34,,11/09/2018,105.6,113.1,119.8,143.34
12/09/2018,105.6,113,119.8,143.5,,12/09/2018,105.6,113,119.8,143.5
13/09/2018,105.6,112.9,119.5,142.75,,13/09/2018,105.6,112.9,119.5,142.75
14/09/2018,105.6,112.9,119.6,143.06,,14/09/2018,105.6,112.9,119.6,143.06
17/09/2018,105.6,112.8,119.6,143.16,,17/09/2018,105.6,112.8,119.6,143.16
18/09/2018,105.6,112.7,119.4,142.53,,18/09/2018,105.6,112.7,119.4,142.53
19/09/2018,105.5,112.7,119.3,142.41,,19/09/2018,105.5,112.7,119.3,142.41
20/09/2018,105.5,112.7,119,141.41,,20/09/2018,105.5,112.7,119,141.41
21/09/2018,105.6,112.7,118.9,141.06,,21/09/2018,105.6,112.7,118.9,141.06
24/09/2018,105.6,112.6,118.6,140.25,,24/09/2018,105.6,112.6,118.6,140.25
25/09/2018,105.5,112.7,118.7,140.34,,25/09/2018,105.5,112.7,118.7,140.34
26/09/2018,105.6,112.7,118.6,140.25,,26/09/2018,105.6,112.7,118.6,140.25
27/09/2018,105.6,112.8,118.5,139.78,,27/09/2018,105.6,112.8,118.5,139.78
28/09/2018,105.4,112.5,118.7,140.53,,28/09/2018,105.4,112.5,118.7,140.53
01/10/2018,105.4,112.5,118.8,140.66,,01/10/2018,105.4,112.5,118.8,140.66
02/10/2018,105.4,112.2,118.8,140.5,,02/10/2018,105.4,112.2,118.8,140.5
03/10/2018,105.3,112,118.7,139.97,,03/10/2018,105.3,112,118.7,139.97
04/10/2018,105.2,112,118.8,140.5,,04/10/2018,105.2,112,118.8,140.5
05/10/2018,105.2,112,118.1,138.5,,05/10/2018,105.2,112,118.1,138.5
08/10/2018,105.3,112,117.9,137.91,,08/10/2018,105.3,112,117.9,137.91
09/10/2018,105.2,112,117.7,137.28,,09/10/2018,105.2,112,117.7,137.28
10/10/2018,105.3,112.3,117.7,137.03,,10/10/2018,105.3,112.3,117.7,137.03
11/10/2018,105.3,112.3,117.8,137.72,,11/10/2018,105.3,112.3,117.8,137.72
12/10/2018,105.3,112.2,117.8,137.25,,12/10/2018,105.3,112.2,117.8,137.25
15/10/2018,105.3,112.2,118.4,138.84,,15/10/2018,105.3,112.2,118.4,138.84
16/10/2018,105.3,112.1,118.3,138.72,,16/10/2018,105.3,112.1,118.3,138.72
17/10/2018,105.3,112.2,118.2,138.28,,17/10/2018,105.3,112.2,118.2,138.28
18/10/2018,105.3,112.1,118.2,138.5,,18/10/2018,105.3,112.1,118.2,138.5
19/10/2018,105.2,112.1,118.1,138.16,,19/10/2018,105.2,112.1,118.1,138.16
22/10/2018,105.2,112.3,118.1,138.12,,22/10/2018,105.2,112.3,118.1,138.12
23/10/2018,105.3,112.5,118,137.72,,23/10/2018,105.3,112.5,118,137.72
24/10/2018,105.4,112.4,118,137.81,,24/10/2018,105.4,112.4,118,137.81
25/10/2018,105.3,112.8,118.3,138.19,,25/10/2018,105.3,112.8,118.3,138.19
26/10/2018,105.5,112.7,118.6,138.78,,26/10/2018,105.5,112.7,118.6,138.78
29/10/2018,105.5,112.6,118.5,138.72,,29/10/2018,105.5,112.6,118.5,138.72
30/10/2018,105.4,112.4,119,139.44,,30/10/2018,105.4,112.4,119,139.44
31/10/2018,105.3,112.5,119,139.34,,31/10/2018,105.3,112.5,119,139.34
01/11/2018,105.4,112.2,118.8,138.91,,01/11/2018,105.4,112.2,118.8,138.91
02/11/2018,105.3,112.2,118.4,138.12,,02/11/2018,105.3,112.2,118.4,138.12
05/11/2018,105.3,112.1,118.6,138.44,,05/11/2018,105.3,112.1,118.6,138.44
06/11/2018,105.2,112,118.1,137.16,,06/11/2018,105.2,112,118.1,137.16
07/11/2018,105.2,111.9,118.1,137.56,,07/11/2018,105.2,111.9,118.1,137.56
08/11/2018,105.2,112.1,118,137.44,,08/11/2018,105.2,112.1,118,137.44
09/11/2018,105.2,112.3,118,137.38,,09/11/2018,105.2,112.3,118,137.38
12/11/2018,105.3,112.4,117.8,137.19,,12/11/2018,105.3,112.4,117.8,137.19
13/11/2018,105.3,112.5,118.1,137.91,,13/11/2018,105.3,112.5,118.1,137.91
14/11/2018,105.4,112.6,118.4,138.47,,14/11/2018,105.4,112.6,118.4,138.47
15/11/2018,105.4,112.8,118.5,138.59,,15/11/2018,105.4,112.8,118.5,138.59
16/11/2018,105.5,113,118.8,138.88,,16/11/2018,105.5,113,118.8,138.88
19/11/2018,105.5,112.9,118.8,138.78,,19/11/2018,105.5,112.9,118.8,138.78
20/11/2018,105.5,112.8,119.2,139.56,,20/11/2018,105.5,112.8,119.2,139.56
21/11/2018,105.5,112.8,119.3,139.78,,21/11/2018,105.5,112.8,119.3,139.78
22/11/2018,105.5,112.9,119.3,140.03,,22/11/2018,105.5,112.9,119.3,140.03
23/11/2018,105.5,112.8,119.2,139.91,,23/11/2018,105.5,112.8,119.2,139.91
26/11/2018,105.4,112.9,119.2,139.81,,26/11/2018,105.4,112.9,119.2,139.81
27/11/2018,105.4,113,119.3,140,,27/11/2018,105.4,113,119.3,140
28/11/2018,105.5,113,119.1,139.78,,28/11/2018,105.5,113,119.1,139.78
29/11/2018,105.5,113,119.3,139.91,,29/11/2018,105.5,113,119.3,139.91
30/11/2018,105.5,113,119.4,139.94,,30/11/2018,105.5,113,119.4,139.94
03/12/2018,105.4,113.1,119.4,140.12,,03/12/2018,105.4,113.1,119.4,140.12
04/12/2018,105.5,113.2,119.6,140.53,,04/12/2018,105.5,113.2,119.6,140.53
05/12/2018,105.5,113.4,119.7,141.16,,05/12/2018,105.5,113.4,119.7,141.16
06/12/2018,105.5,113.7,120.1,142.78,,06/12/2018,105.5,113.7,120.1,142.78
07/12/2018,105.6,113.6,120.1,142.3,,07/12/2018,105.6,113.6,120.1,142.3
10/12/2018,105.6,113.4,120.5,143.78,,10/12/2018,105.6,113.4,120.5,143.78
11/12/2018,105.6,113.3,120.8,143.94,,11/12/2018,105.6,113.3,120.8,143.94
12/12/2018,105.5,113.4,120.7,144.06,,12/12/2018,105.5,113.4,120.7,144.06
13/12/2018,105.6,113.5,120.5,143.78,,13/12/2018,105.6,113.5,120.5,143.78
14/12/2018,105.6,113.7,120.3,143.28,,14/12/2018,105.6,113.7,120.3,143.28
17/12/2018,105.7,113.8,120.3,143.03,,17/12/2018,105.7,113.8,120.3,143.03
18/12/2018,105.8,114,120.5,143.28,,18/12/2018,105.8,114,120.5,143.28
19/12/2018,105.8,113.9,120.7,143.78,,19/12/2018,105.8,113.9,120.7,143.78
20/12/2018,105.8,113.9,121,144.47,,20/12/2018,105.8,113.9,121,144.47
21/12/2018,105.8,114.2,120.9,144.91,,21/12/2018,105.8,114.2,120.9,144.91
24/12/2018,105.9,114.3,121.1,144.81,,24/12/2018,105.9,114.3,121.1,144.81
25/12/2018,106.1,114,121,144.81,,25/12/2018,106.1,114,121,144.81
26/12/2018,105.9,114.3,121.4,145.44,,26/12/2018,105.9,114.3,121.4,145.44
27/12/2018,106,114.4,121.4,145.48,,27/12/2018,106,114.4,121.4,145.48
28/12/2018,106,114.6,121,144.75,,28/12/2018,106,114.6,121,144.75
30/12/2018,106.1,114.6,121.5,145.53,,30/12/2018,106.1,114.6,121.5,145.53
31/12/2018,106.1,114.7,121.6,145.53,,31/12/2018,106.1,114.7,121.6,145.53
01/01/2019,106.1,115.3,122,146,,01/01/2019,106.1,115.3,122,146
02/01/2019,106.1,114.8,121.9,145.67,,02/01/2019,106.1,114.8,121.9,145.67
03/01/2019,106.4,114.6,122.2,146.75,,03/01/2019,106.4,114.6,122.2,146.75
04/01/2019,106.2,114.3,123.2,148.66,,04/01/2019,106.2,114.3,123.2,148.66
07/01/2019,106.1,114.4,122.3,146.88,,07/01/2019,106.1,114.4,122.3,146.88
08/01/2019,106,114.4,122.1,146.5,,08/01/2019,106,114.4,122.1,146.5
09/01/2019,106,114.5,121.8,146.03,,09/01/2019,106,114.5,121.8,146.03
10/01/2019,106,114.5,121.7,145.56,,10/01/2019,106,114.5,121.7,145.56
11/01/2019,106,114.5,121.7,145.28,,11/01/2019,106,114.5,121.7,145.28
14/01/2019,106,114.4,122,145.75,,14/01/2019,106,114.4,122,145.75
15/01/2019,106.1,114.3,121.9,145.41,,15/01/2019,106.1,114.3,121.9,145.41
16/01/2019,106,114.1,121.9,145.41,,16/01/2019,106,114.1,121.9,145.41
17/01/2019,106,114.1,121.7,145.19,,17/01/2019,106,114.1,121.7,145.19
18/01/2019,105.9,114.1,121.5,145.03,,18/01/2019,105.9,114.1,121.5,145.03
20/01/2019,105.9,114.3,121.2,144.53,,20/01/2019,105.9,114.3,121.2,144.53
21/01/2019,105.9,114.2,121.2,144.45,,21/01/2019,105.9,114.2,121.2,144.45
22/01/2019,106,114.4,121.3,144.64,,22/01/2019,106,114.4,121.3,144.64
23/01/2019,105.9,114.2,121.6,145.41,,23/01/2019,105.9,114.2,121.6,145.41
24/01/2019,106,114.2,121.4,144.97,,24/01/2019,106,114.2,121.4,144.97
25/01/2019,105.9,114.4,121.8,145.78,,25/01/2019,105.9,114.4,121.8,145.78
28/01/2019,105.9,114.6,121.4,145.09,,28/01/2019,105.9,114.6,121.4,145.09
29/01/2019,106,114.9,121.5,145.09,,29/01/2019,106,114.9,121.5,145.09
30/01/2019,106,114.5,121.8,145.66,,30/01/2019,106,114.5,121.8,145.66
31/01/2019,106.2,114.4,122,145.69,,31/01/2019,106.2,114.4,122,145.69
01/02/2019,106.1,114.5,122.5,146.69,,01/02/2019,106.1,114.5,122.5,146.69
04/02/2019,106,114.5,121.9,145.94,,04/02/2019,106,114.5,121.9,145.94
05/02/2019,106,114.8,121.7,145.25,,05/02/2019,106,114.8,121.7,145.25
06/02/2019,106,114.8,121.9,145.69,,06/02/2019,106,114.8,121.9,145.69
07/02/2019,106.1,114.6,121.9,145.66,,07/02/2019,106.1,114.6,121.9,145.66
08/02/2019,106.1,114.6,122.3,146.5,,08/02/2019,106.1,114.6,122.3,146.5
11/02/2019,106.1,114.4,122.4,146.88,,11/02/2019,106.1,114.4,122.4,146.88
12/02/2019,106.1,114.7,122.1,146.38,,12/02/2019,106.1,114.7,122.1,146.38
13/02/2019,106,114.6,122,145.97,,13/02/2019,106,114.6,122,145.97
14/02/2019,106.1,114.5,121.8,145.75,,14/02/2019,106.1,114.5,121.8,145.75
15/02/2019,106,114.5,122.2,146.5,,15/02/2019,106,114.5,122.2,146.5
17/02/2019,106,114.7,122.1,146.56,,17/02/2019,106,114.7,122.1,146.56
18/02/2019,106,114.6,122,146.52,,18/02/2019,106,114.6,122,146.52
19/02/2019,106.1,114.5,122,146.45,,19/02/2019,106.1,114.5,122,146.45
20/02/2019,106,114.7,122.2,146.84,,20/02/2019,106,114.7,122.2,146.84
21/02/2019,106,114.6,122.2,146.59,,21/02/2019,106,114.6,122.2,146.59
22/02/2019,106.1,114.7,121.9,145.78,,22/02/2019,106.1,114.7,121.9,145.78
25/02/2019,106,114.6,122.1,146.41,,25/02/2019,106,114.6,122.1,146.41
26/02/2019,106.1,114.5,122,146.12,,26/02/2019,106.1,114.5,122,146.12
27/02/2019,106,114.3,122.3,146.81,,27/02/2019,106,114.3,122.3,146.81
28/02/2019,106,114.4,121.9,145.56,,28/02/2019,106,114.4,121.9,145.56
01/03/2019,105.9,114.4,121.8,145.12,,01/03/2019,105.9,114.4,121.8,145.12
04/03/2019,106,114.5,121.4,144.47,,04/03/2019,106,114.5,121.4,144.47
05/03/2019,105.9,114.8,121.7,145.06,,05/03/2019,105.9,114.8,121.7,145.06
06/03/2019,106,114.8,121.7,145.09,,06/03/2019,106,114.8,121.7,145.09
07/03/2019,106.1,114.8,121.9,145.56,,07/03/2019,106.1,114.8,121.9,145.56
08/03/2019,106.1,114.9,122.4,146.47,,08/03/2019,106.1,114.9,122.4,146.47
11/03/2019,106.1,114.9,122.5,146.66,,11/03/2019,106.1,114.9,122.5,146.66
12/03/2019,106.1,114.8,122.4,146.31,,12/03/2019,106.1,114.8,122.4,146.31
13/03/2019,106.1,115,122.6,147.09,,13/03/2019,106.1,115,122.6,147.09
14/03/2019,106.1,114.9,122.6,146.81,,14/03/2019,106.1,114.9,122.6,146.81
15/03/2019,106.2,114.9,122.5,146.19,,15/03/2019,106.2,114.9,122.5,146.19
18/03/2019,106.1,115.2,122.7,146.88,,18/03/2019,106.1,115.2,122.7,146.88
19/03/2019,106.1,115.2,122.6,146.78,,19/03/2019,106.1,115.2,122.6,146.78
20/03/2019,106.2,115.6,122.5,146.47,,20/03/2019,106.2,115.6,122.5,146.47
21/03/2019,106.2,115.9,122.7,146.91,,21/03/2019,106.2,115.9,122.7,146.91
22/03/2019,106.4,115.9,123.4,147.12,,22/03/2019,106.4,115.9,123.4,147.12
25/03/2019,106.5,116.1,124,148.53,,25/03/2019,106.5,116.1,124,148.53
26/03/2019,106.6,116,124.3,149,,26/03/2019,106.6,116,124.3,149
27/03/2019,106.5,115.8,124.4,149.09,,27/03/2019,106.5,115.8,124.4,149.09
28/03/2019,106.5,115.5,124.7,150.06,,28/03/2019,106.5,115.5,124.7,150.06
29/03/2019,106.6,115.6,124.5,150.03,,29/03/2019,106.6,115.6,124.5,150.03
01/04/2019,106.4,115.5,124.2,149.66,,01/04/2019,106.4,115.5,124.2,149.66
02/04/2019,106.5,115.5,123.6,148.22,,02/04/2019,106.5,115.5,123.6,148.22
03/04/2019,106.4,115.5,123.8,148.31,,03/04/2019,106.4,115.5,123.8,148.31
04/04/2019,106.4,115.4,123.5,147.5,,04/04/2019,106.4,115.4,123.5,147.5
05/04/2019,106.4,115.5,123.6,147.69,,05/04/2019,106.4,115.5,123.6,147.69
08/04/2019,106.4,115.6,123.6,147.94,,08/04/2019,106.4,115.6,123.6,147.94
09/04/2019,106.4,115.5,123.5,147.62,,09/04/2019,106.4,115.5,123.5,147.62
10/04/2019,106.4,115.2,123.6,148,,10/04/2019,106.4,115.2,123.6,148
11/04/2019,106.4,115.2,123.8,148.22,,11/04/2019,106.4,115.2,123.8,148.22
12/04/2019,106.3,115,123.6,147.72,,12/04/2019,106.3,115,123.6,147.72
15/04/2019,106.3,115.1,123.1,146.91,,15/04/2019,106.3,115.1,123.1,146.91
16/04/2019,106.2,115.2,123.2,147.06,,16/04/2019,106.2,115.2,123.2,147.06
17/04/2019,106.3,115.2,122.8,146.34,,17/04/2019,106.3,115.2,122.8,146.34
18/04/2019,106.3,115.1,122.9,146.31,,18/04/2019,106.3,115.1,122.9,146.31
19/04/2019,106.3,115.3,123.1,146.84,,19/04/2019,106.3,115.3,123.1,146.84
22/04/2019,106.3,115.5,123.1,146.75,,22/04/2019,106.3,115.5,123.1,146.75
23/04/2019,106.3,115.4,122.9,146.22,,23/04/2019,106.3,115.4,122.9,146.22
24/04/2019,106.4,115.6,123.1,146.5,,24/04/2019,106.4,115.6,123.1,146.5
25/04/2019,106.4,115.5,123.5,147.34,,25/04/2019,106.4,115.5,123.5,147.34
26/04/2019,106.5,115.6,123.4,147.16,,26/04/2019,106.5,115.6,123.4,147.16
29/04/2019,106.5,115.5,123.7,147.59,,29/04/2019,106.5,115.5,123.7,147.59
30/04/2019,106.5,115.3,123.4,146.97,,30/04/2019,106.5,115.3,123.4,146.97
01/05/2019,106.4,115.4,123.7,147.47,,01/05/2019,106.4,115.4,123.7,147.47
02/05/2019,106.3,115.5,123.6,147.59,,02/05/2019,106.3,115.5,123.6,147.59
03/05/2019,106.4,115.7,123.2,146.94,,03/05/2019,106.4,115.7,123.2,146.94
06/05/2019,106.4,115.6,123.3,147.38,,06/05/2019,106.4,115.6,123.3,147.38
07/05/2019,106.5,115.7,123.6,147.81,,07/05/2019,106.5,115.7,123.6,147.81
08/05/2019,106.4,115.7,124,148.75,,08/05/2019,106.4,115.7,124,148.75
09/05/2019,106.5,116,123.8,148.22,,09/05/2019,106.5,116,123.8,148.22
10/05/2019,106.5,116,124,148.69,,10/05/2019,106.5,116,124,148.69
13/05/2019,106.6,116.2,124,148.66,,13/05/2019,106.6,116.2,124,148.66
14/05/2019,106.6,116,124.4,149.47,,14/05/2019,106.6,116,124.4,149.47
15/05/2019,106.7,116,124.3,149.19,,15/05/2019,106.7,116,124.3,149.19
16/05/2019,106.6,115.9,124.7,149.88,,16/05/2019,106.6,115.9,124.7,149.88
17/05/2019,106.6,115.8,124.4,149.44,,17/05/2019,106.6,115.8,124.4,149.44
20/05/2019,106.5,116,124.5,149.69,,20/05/2019,106.5,116,124.5,149.69
21/05/2019,106.5,116.5,124.3,149.38,,21/05/2019,106.5,116.5,124.3,149.38
22/05/2019,106.5,116.2,124.1,149.19,,22/05/2019,106.5,116.2,124.1,149.19
23/05/2019,106.7,116.5,124.4,149.72,,23/05/2019,106.7,116.5,124.4,149.72
24/05/2019,106.6,116.5,125.2,151.44,,24/05/2019,106.6,116.5,125.2,151.44
26/05/2019,106.9,116.5,124.9,150.97,,26/05/2019,106.9,116.5,124.9,150.97
27/05/2019,106.9,116.7,125.3,150.52,,27/05/2019,106.9,116.7,125.3,150.52
28/05/2019,106.7,116.7,125.3,150.67,,28/05/2019,106.7,116.7,125.3,150.67
29/05/2019,106.8,117.2,125.4,152.03,,29/05/2019,106.8,117.2,125.4,152.03
30/05/2019,106.8,117.6,125.6,152.75,,30/05/2019,106.8,117.6,125.6,152.75
31/05/2019,107,117.4,125.7,153.06,,31/05/2019,107,117.4,125.7,153.06
03/06/2019,107.2,117.5,126.4,154.38,,03/06/2019,107.2,117.5,126.4,154.38
04/06/2019,107.2,117.4,126.9,155.25,,04/06/2019,107.2,117.4,126.9,155.25
05/06/2019,107.2,117.6,126.6,154.34,,05/06/2019,107.2,117.6,126.6,154.34
06/06/2019,107.1,117.3,126.6,154.06,,06/06/2019,107.1,117.3,126.6,154.06
07/06/2019,107.2,117.3,126.6,154.19,,07/06/2019,107.2,117.3,126.6,154.19
10/06/2019,107.1,117.4,126.9,155.19,,10/06/2019,107.1,117.4,126.9,155.19
11/06/2019,107.1,117.7,126.4,154.12,,11/06/2019,107.1,117.7,126.4,154.12
12/06/2019,107.1,117.6,126.4,154.25,,12/06/2019,107.1,117.6,126.4,154.25
13/06/2019,107.3,117.6,126.6,154.25,,13/06/2019,107.3,117.6,126.6,154.25
14/06/2019,107.2,117.6,127,154.91,,14/06/2019,107.2,117.6,127,154.91
17/06/2019,107.2,117.9,126.9,154.97,,17/06/2019,107.2,117.9,126.9,154.97
18/06/2019,107.2,118.1,127,155.25,,18/06/2019,107.2,118.1,127,155.25
19/06/2019,107.4,117.8,127.1,155.62,,19/06/2019,107.4,117.8,127.1,155.62
20/06/2019,107.4,118,126.9,155,,20/06/2019,107.4,118,126.9,155
21/06/2019,107.3,118.1,128.1,155.72,,21/06/2019,107.3,118.1,128.1,155.72
24/06/2019,107.4,117.8,127.5,154.59,,24/06/2019,107.4,117.8,127.5,154.59
25/06/2019,107.4,118,127.9,155.41,,25/06/2019,107.4,118,127.9,155.41
26/06/2019,107.3,118,128.1,155.91,,26/06/2019,107.3,118,128.1,155.91
27/06/2019,107.4,118,127.6,154.97,,27/06/2019,107.4,118,127.6,154.97
28/06/2019,107.4,118.2,127.9,155.72,,28/06/2019,107.4,118.2,127.9,155.72
01/07/2019,107.5,118.2,128,155.59,,01/07/2019,107.5,118.2,128,155.59
02/07/2019,107.5,118.3,127.7,155,,02/07/2019,107.5,118.3,127.7,155
03/07/2019,107.5,117.7,128.1,156.09,,03/07/2019,107.5,117.7,128.1,156.09
04/07/2019,107.6,117.7,128.3,156.66,,04/07/2019,107.6,117.7,128.3,156.66
05/07/2019,107.3,117.6,128.3,156.83,,05/07/2019,107.3,117.6,128.3,156.83
08/07/2019,107.3,117.7,127.5,154.97,,08/07/2019,107.3,117.7,127.5,154.97
09/07/2019,107.3,117.5,127.5,155.41,,09/07/2019,107.3,117.5,127.5,155.41
10/07/2019,107.4,117.6,127.3,155.09,,10/07/2019,107.4,117.6,127.3,155.09
11/07/2019,107.3,117.6,127.4,154.66,,11/07/2019,107.3,117.6,127.4,154.66
12/07/2019,107.4,117.5,127,153.53,,12/07/2019,107.4,117.5,127,153.53
15/07/2019,107.4,117.7,127.1,153.72,,15/07/2019,107.4,117.7,127.1,153.72
16/07/2019,107.3,117.9,127.2,154.06,,16/07/2019,107.3,117.9,127.2,154.06
17/07/2019,107.4,117.8,126.9,153.62,,17/07/2019,107.4,117.8,126.9,153.62
18/07/2019,107.5,117.9,127.4,154.75,,18/07/2019,107.5,117.9,127.4,154.75
19/07/2019,107.4,117.7,127.6,154.97,,19/07/2019,107.4,117.7,127.6,154.97
22/07/2019,107.4,117.8,127.5,154.75,,22/07/2019,107.4,117.8,127.5,154.75
23/07/2019,107.4,117.6,127.6,154.94,,23/07/2019,107.4,117.6,127.6,154.94
24/07/2019,107.4,117.5,127.4,154.28,,24/07/2019,107.4,117.5,127.4,154.28
25/07/2019,107.3,117.7,127.5,154.81,,25/07/2019,107.3,117.7,127.5,154.81
26/07/2019,107.3,117.6,127.3,154.31,,26/07/2019,107.3,117.6,127.3,154.31
29/07/2019,107.3,117.6,127.2,154.34,,29/07/2019,107.3,117.6,127.2,154.34
30/07/2019,107.3,118.4,127.5,154.78,,30/07/2019,107.3,118.4,127.5,154.78
31/07/2019,107.2,118.4,127.3,154.62,,31/07/2019,107.2,118.4,127.3,154.62
01/08/2019,107.5,119,127.4,155.59,,01/08/2019,107.5,119,127.4,155.59
02/08/2019,107.5,119,128.7,157.69,,02/08/2019,107.5,119,128.7,157.69
05/08/2019,107.8,119.2,128.9,158.59,,05/08/2019,107.8,119.2,128.9,158.59
06/08/2019,107.7,119,129.8,160.72,,06/08/2019,107.7,119,129.8,160.72
07/08/2019,107.8,118.9,129.8,161,,07/08/2019,107.8,118.9,129.8,161
08/08/2019,107.7,119.2,130.2,162.22,,08/08/2019,107.7,119.2,130.2,162.22
09/08/2019,107.7,118.8,129.9,161.56,,09/08/2019,107.7,118.8,129.9,161.56
12/08/2019,107.8,119.1,129.7,161.28,,12/08/2019,107.8,119.1,129.7,161.28
13/08/2019,107.6,119.4,130.4,163.44,,13/08/2019,107.6,119.4,130.4,163.44
14/08/2019,107.8,119.5,129.8,162.94,,14/08/2019,107.8,119.5,129.8,162.94
15/08/2019,107.9,119.3,130.5,164.91,,15/08/2019,107.9,119.3,130.5,164.91
16/08/2019,107.9,119.4,131,165.72,,16/08/2019,107.9,119.4,131,165.72
19/08/2019,107.8,119.2,130.9,165.56,,19/08/2019,107.8,119.2,130.9,165.56
20/08/2019,107.8,119.1,130.4,164.25,,20/08/2019,107.8,119.1,130.4,164.25
21/08/2019,107.8,119.5,130.7,165,,21/08/2019,107.8,119.5,130.7,165
22/08/2019,107.7,119.3,130.5,164.81,,22/08/2019,107.7,119.3,130.5,164.81
23/08/2019,107.8,119.5,130.3,164.09,,23/08/2019,107.8,119.5,130.3,164.09
26/08/2019,107.8,119.6,131,165.53,,26/08/2019,107.8,119.6,131,165.53
27/08/2019,107.8,119.5,130.8,165.09,,27/08/2019,107.8,119.5,130.8,165.09
28/08/2019,107.8,119.5,131.1,166.5,,28/08/2019,107.8,119.5,131.1,166.5
29/08/2019,107.8,120.1,131.4,166.91,,29/08/2019,107.8,120.1,131.4,166.91
30/08/2019,107.8,120,131,166.06,,30/08/2019,107.8,120,131,166.06
01/09/2019,108.1,119.8,131.1,166.06,,01/09/2019,108.1,119.8,131.1,166.06
02/09/2019,108.1,119.9,131.9,165.8,,02/09/2019,108.1,119.9,131.9,165.8
03/09/2019,107.9,119.3,131.7,165.2,,03/09/2019,107.9,119.3,131.7,165.2
04/09/2019,107.9,119.4,131.5,166.72,,04/09/2019,107.9,119.4,131.5,166.72
05/09/2019,107.7,119.1,131.6,166.75,,05/09/2019,107.7,119.1,131.6,166.75
06/09/2019,107.7,118.7,130.7,164.69,,06/09/2019,107.7,118.7,130.7,164.69
09/09/2019,107.6,118.6,130.7,165.31,,09/09/2019,107.6,118.6,130.7,165.31
10/09/2019,107.5,118.3,130.3,163.78,,10/09/2019,107.5,118.3,130.3,163.78
11/09/2019,107.5,117.8,129.6,162.25,,11/09/2019,107.5,117.8,129.6,162.25
12/09/2019,107.4,118.1,129.3,161.72,,12/09/2019,107.4,118.1,129.3,161.72
13/09/2019,107.2,118.2,128.9,160.59,,13/09/2019,107.2,118.2,128.9,160.59
16/09/2019,107.3,118.2,128.1,158.38,,16/09/2019,107.3,118.2,128.1,158.38
17/09/2019,107.4,118.3,128.5,159.72,,17/09/2019,107.4,118.3,128.5,159.72
18/09/2019,107.3,118.3,128.7,160.16,,18/09/2019,107.3,118.3,128.7,160.16
19/09/2019,107.3,118.6,128.8,160.84,,19/09/2019,107.3,118.6,128.8,160.84
20/09/2019,107.4,118.9,128.9,161.22,,20/09/2019,107.4,118.9,128.9,161.22
23/09/2019,107.4,118.5,129.7,160.88,,23/09/2019,107.4,118.5,129.7,160.88
24/09/2019,107.5,118.7,130.1,161.66,,24/09/2019,107.5,118.7,130.1,161.66
25/09/2019,107.4,118.8,130.7,163.12,,25/09/2019,107.4,118.8,130.7,163.12
26/09/2019,107.7,119.1,130,161.25,,26/09/2019,107.7,119.1,130,161.25
27/09/2019,107.5,119.2,130.3,162.31,,27/09/2019,107.5,119.2,130.3,162.31
30/09/2019,107.5,119.4,130.4,162.34,,30/09/2019,107.5,119.4,130.4,162.34
01/10/2019,107.9,119.8,130.3,162.31,,01/10/2019,107.9,119.8,130.3,162.31
02/10/2019,108,120.2,130.7,162.69,,02/10/2019,108,120.2,130.7,162.69
03/10/2019,108.2,120.2,131.1,163.31,,03/10/2019,108.2,120.2,131.1,163.31
04/10/2019,108.2,119.9,131.8,164.41,,04/10/2019,108.2,119.9,131.8,164.41
07/10/2019,108,120.1,131.9,165,,07/10/2019,108,120.1,131.9,165
08/10/2019,108.1,119.8,131.5,164.41,,08/10/2019,108.1,119.8,131.5,164.41
09/10/2019,108,119.5,131.7,164.56,,09/10/2019,108,119.5,131.7,164.56
10/10/2019,107.9,119,131.3,163.56,,10/10/2019,107.9,119,131.3,163.56
11/10/2019,107.7,119.1,130.7,162.25,,11/10/2019,107.7,119.1,130.7,162.25
14/10/2019,107.7,118.9,129.9,160.44,,14/10/2019,107.7,118.9,129.9,160.44
15/10/2019,107.7,119,130.2,161.12,,15/10/2019,107.7,119,130.2,161.12
16/10/2019,107.8,119,129.8,159.94,,16/10/2019,107.8,119,129.8,159.94
17/10/2019,107.7,119.1,130,160.28,,17/10/2019,107.7,119.1,130,160.28
18/10/2019,107.8,118.9,129.9,160.19,,18/10/2019,107.8,118.9,129.9,160.19
21/10/2019,107.7,118.9,130,160.22,,21/10/2019,107.7,118.9,130,160.22
22/10/2019,107.7,118.9,129.6,159.44,,22/10/2019,107.7,118.9,129.6,159.44
23/10/2019,107.7,118.9,129.8,160.06,,23/10/2019,107.7,118.9,129.8,160.06
24/10/2019,107.7,118.7,129.9,160.09,,24/10/2019,107.7,118.7,129.9,160.09
25/10/2019,107.6,118.5,129.8,159.97,,25/10/2019,107.6,118.5,129.8,159.97
28/10/2019,107.6,118.6,129.5,159.38,,28/10/2019,107.6,118.6,129.5,159.38
29/10/2019,107.6,118.7,129.2,158.28,,29/10/2019,107.6,118.7,129.2,158.28
30/10/2019,107.6,119.2,129.3,158.69,,30/10/2019,107.6,119.2,129.3,158.69
31/10/2019,107.8,119,129.5,159.59,,31/10/2019,107.8,119,129.5,159.59
01/11/2019,107.7,118.8,130.3,161.38,,01/11/2019,107.7,118.8,130.3,161.38
04/11/2019,107.7,118.5,130,160.62,,04/11/2019,107.7,118.5,130,160.62
05/11/2019,107.6,118.7,129.6,159.47,,05/11/2019,107.6,118.7,129.6,159.47
06/11/2019,107.6,118.1,128.9,157.88,,06/11/2019,107.6,118.1,128.9,157.88
07/11/2019,107.5,118.2,129.3,158.97,,07/11/2019,107.5,118.2,129.3,158.97
08/11/2019,107.5,118.1,128.4,156.66,,08/11/2019,107.5,118.1,128.4,156.66
11/11/2019,107.5,118.2,128.4,156.41,,11/11/2019,107.5,118.2,128.4,156.41
12/11/2019,107.5,118.4,128.4,156.5,,12/11/2019,107.5,118.4,128.4,156.5
13/11/2019,107.6,118.7,128.5,157,,13/11/2019,107.6,118.7,128.5,157
14/11/2019,107.7,118.6,128.9,157.62,,14/11/2019,107.7,118.6,128.9,157.62
15/11/2019,107.6,118.7,129.3,158.66,,15/11/2019,107.6,118.7,129.3,158.66
18/11/2019,107.7,118.7,129.1,158.31,,18/11/2019,107.7,118.7,129.1,158.31
19/11/2019,107.6,118.9,129.3,158.78,,19/11/2019,107.6,118.9,129.3,158.78
20/11/2019,107.7,118.7,129.4,159.34,,20/11/2019,107.7,118.7,129.4,159.34
21/11/2019,107.6,118.7,129.8,160.31,,21/11/2019,107.6,118.7,129.8,160.31
22/11/2019,107.6,118.7,129.5,159.72,,22/11/2019,107.6,118.7,129.5,159.72
25/11/2019,107.6,118.8,129.5,159.88,,25/11/2019,107.6,118.8,129.5,159.88
26/11/2019,107.6,118.6,129.5,160.06,,26/11/2019,107.6,118.6,129.5,160.06
27/11/2019,107.5,118.9,129.7,160.59,,27/11/2019,107.5,118.9,129.7,160.59
28/11/2019,107.7,118.6,129.4,160.09,,28/11/2019,107.7,118.6,129.4,160.09
29/11/2019,107.6,118.5,129.4,159.08,,29/11/2019,107.6,118.5,129.4,159.08
02/12/2019,107.6,119.1,129.3,159.75,,02/12/2019,107.6,119.1,129.3,159.75
03/12/2019,107.7,118.7,128.9,158.19,,03/12/2019,107.7,118.7,128.9,158.19
04/12/2019,107.6,118.6,130,160.88,,04/12/2019,107.6,118.6,130,160.88
05/12/2019,107.6,118.4,129.4,159.5,,05/12/2019,107.6,118.4,129.4,159.5
06/12/2019,107.5,118.4,129.3,159.12,,06/12/2019,107.5,118.4,129.3,159.12
09/12/2019,107.5,118.4,128.9,158.44,,09/12/2019,107.5,118.4,128.9,158.44
10/12/2019,107.5,118.6,129,158.78,,10/12/2019,107.5,118.6,129,158.78
11/12/2019,107.6,118.1,128.9,158.88,,11/12/2019,107.6,118.1,128.9,158.88
12/12/2019,107.5,118.5,129.3,159.69,,12/12/2019,107.5,118.5,129.3,159.69
13/12/2019,107.6,118.2,128.4,157.56,,13/12/2019,107.6,118.2,128.4,157.56
16/12/2019,107.5,118.3,129.1,159.03,,16/12/2019,107.5,118.3,129.1,159.03
17/12/2019,107.5,118.2,128.5,157.66,,17/12/2019,107.5,118.2,128.5,157.66
18/12/2019,107.6,118.3,128.6,157.62,,18/12/2019,107.6,118.3,128.6,157.62
19/12/2019,107.7,118.2,128.3,156.84,,19/12/2019,107.7,118.2,128.3,156.84
20/12/2019,107.6,118.4,128.6,157.19,,20/12/2019,107.6,118.4,128.6,157.19
22/12/2019,107.6,118.3,128.3,156.25,,22/12/2019,107.6,118.3,128.3,156.25
23/12/2019,107.6,118.3,128.1,155.88,,23/12/2019,107.6,118.3,128.1,155.88
24/12/2019,107.7,118.4,128.3,156.38,,24/12/2019,107.7,118.4,128.3,156.38
25/12/2019,107.7,118.3,128.4,156.39,,25/12/2019,107.7,118.3,128.4,156.39
26/12/2019,107.6,118.5,128.4,156.47,,26/12/2019,107.6,118.5,128.4,156.47
27/12/2019,107.6,118.7,128.7,156.91,,27/12/2019,107.6,118.7,128.7,156.91
30/12/2019,107.7,118.6,128.5,156.25,,30/12/2019,107.7,118.6,128.5,156.25
31/12/2019,107.7,118.5,128.4,155.91,,31/12/2019,107.7,118.5,128.4,155.91
01/01/2020,107.7,118.5,128.3,155.52,,01/01/2020,107.7,118.5,128.3,155.52
02/01/2020,107.7,118.7,128.6,156.59,,02/01/2020,107.7,118.7,128.6,156.59
03/01/2020,107.8,119.1,129.4,158.28,,03/01/2020,107.8,119.1,129.4,158.28
06/01/2020,107.8,119,129.3,157.84,,06/01/2020,107.8,119,129.3,157.84
07/01/2020,107.8,118.9,129.2,157.41,,07/01/2020,107.8,118.9,129.2,157.41
08/01/2020,107.7,118.7,128.8,156.38,,08/01/2020,107.7,118.7,128.8,156.38
09/01/2020,107.7,118.7,128.9,156.81,,09/01/2020,107.7,118.7,128.9,156.81
10/01/2020,107.7,118.8,129.1,157.62,,10/01/2020,107.7,118.8,129.1,157.62
13/01/2020,107.7,118.8,128.9,157.25,,13/01/2020,107.7,118.8,128.9,157.25
14/01/2020,107.7,118.9,129.1,157.91,,14/01/2020,107.7,118.9,129.1,157.91
15/01/2020,107.8,119,129.3,158.5,,15/01/2020,107.8,119,129.3,158.5
16/01/2020,107.7,118.9,129.2,158.09,,16/01/2020,107.7,118.9,129.2,158.09
17/01/2020,107.7,118.8,129.1,157.28,,17/01/2020,107.7,118.8,129.1,157.28
19/01/2020,107.8,118.9,129.2,157.45,,19/01/2020,107.8,118.9,129.2,157.45
20/01/2020,107.7,118.9,129.2,157.48,,20/01/2020,107.7,118.9,129.2,157.48
21/01/2020,107.8,119.1,129.6,158.59,,21/01/2020,107.8,119.1,129.6,158.59
22/01/2020,107.8,119.1,129.6,158.81,,22/01/2020,107.8,119.1,129.6,158.81
23/01/2020,107.8,119.2,129.8,159.56,,23/01/2020,107.8,119.2,129.8,159.56
24/01/2020,107.9,119.5,130.3,160.62,,24/01/2020,107.9,119.5,130.3,160.62
27/01/2020,108,119.8,130.9,162.03,,27/01/2020,108,119.8,130.9,162.03
28/01/2020,107.9,119.7,130.6,161.31,,28/01/2020,107.9,119.7,130.6,161.31
29/01/2020,108,119.9,131,162.25,,29/01/2020,108,119.9,131,162.25
30/01/2020,108.1,120.1,131.3,162.91,,30/01/2020,108.1,120.1,131.3,162.91
31/01/2020,108.2,120.3,131.7,163.53,,31/01/2020,108.2,120.3,131.7,163.53
03/02/2020,108.1,120.2,131.6,163.78,,03/02/2020,108.1,120.2,131.6,163.78
04/02/2020,108,119.8,130.9,162.09,,04/02/2020,108,119.8,130.9,162.09
05/02/2020,108,119.7,130.6,161.12,,05/02/2020,108,119.7,130.6,161.12
06/02/2020,107.9,119.6,130.6,161.38,,06/02/2020,107.9,119.6,130.6,161.38
07/02/2020,108,119.9,131.1,162.59,,07/02/2020,108,119.9,131.1,162.59
10/02/2020,108.1,120.1,131.4,163.16,,10/02/2020,108.1,120.1,131.4,163.16
11/02/2020,108,119.9,131,162.47,,11/02/2020,108,119.9,131,162.47
12/02/2020,108,119.7,130.7,161.69,,12/02/2020,108,119.7,130.7,161.69
13/02/2020,107.9,119.7,130.8,161.88,,13/02/2020,107.9,119.7,130.8,161.88
14/02/2020,108,119.9,131,162.41,,14/02/2020,108,119.9,131,162.41
16/02/2020,108,119.8,130.9,162.3,,16/02/2020,108,119.8,130.9,162.3
17/02/2020,108,119.9,131.1,162.7,,17/02/2020,108,119.9,131.1,162.7
18/02/2020,108,120,131.2,163.16,,18/02/2020,108,120,131.2,163.16
19/02/2020,108,119.9,131.1,162.97,,19/02/2020,108,119.9,131.1,162.97
20/02/2020,108,120.1,131.4,163.94,,20/02/2020,108,120.1,131.4,163.94
21/02/2020,108.1,120.3,131.9,164.97,,21/02/2020,108.1,120.3,131.9,164.97
24/02/2020,108.3,120.8,132.7,166.72,,24/02/2020,108.3,120.8,132.7,166.72
25/02/2020,108.4,121.1,133.1,167.69,,25/02/2020,108.4,121.1,133.1,167.69
26/02/2020,108.5,121.2,133.3,168.09,,26/02/2020,108.5,121.2,133.3,168.09
27/02/2020,108.6,121.3,133.4,168.5,,27/02/2020,108.6,121.3,133.4,168.5
28/02/2020,108.9,122.3,134.8,171.38,,28/02/2020,108.9,122.3,134.8,171.38
02/03/2020,109.1,122.5,135.3,172.22,,02/03/2020,109.1,122.5,135.3,172.22
03/03/2020,109.2,123,136,173.31,,03/03/2020,109.2,123,136,173.31
04/03/2020,109.4,123.2,136.3,173.41,,04/03/2020,109.4,123.2,136.3,173.41
05/03/2020,109.5,123.4,136.8,174.94,,05/03/2020,109.5,123.4,136.8,174.94
06/03/2020,109.7,124,138.1,180.97,,06/03/2020,109.7,124,138.1,180.97
09/03/2020,109.9,124.5,139.3,186.94,,09/03/2020,109.9,124.5,139.3,186.94
10/03/2020,109.7,123.6,137.6,180.94,,10/03/2020,109.7,123.6,137.6,180.94
11/03/2020,109.8,123.5,137.1,181.72,,11/03/2020,109.8,123.5,137.1,181.72
12/03/2020,109.8,123.7,136.9,180.25,,12/03/2020,109.8,123.7,136.9,180.25
13/03/2020,110.2,123.2,135.8,177.94,,13/03/2020,110.2,123.2,135.8,177.94
16/03/2020,109.9,124.2,138.1,182.34,,16/03/2020,109.9,124.2,138.1,182.34
17/03/2020,109.7,123.4,136.1,175,,17/03/2020,109.7,123.4,136.1,175
18/03/2020,109.6,122.6,134.4,169.28,,18/03/2020,109.6,122.6,134.4,169.28
19/03/2020,109.8,123.3,135.3,172.69,,19/03/2020,109.8,123.3,135.3,172.69
20/03/2020,109.9,124,136.5,177.31,,20/03/2020,109.9,124,136.5,177.31
23/03/2020,110,124.8,138.2,179.66,,23/03/2020,110,124.8,138.2,179.66
24/03/2020,109.9,124.3,137.5,178.84,,24/03/2020,109.9,124.3,137.5,178.84
25/03/2020,110.1,124.5,137.3,177.75,,25/03/2020,110.1,124.5,137.3,177.75
26/03/2020,110.1,124.6,137.7,178.13,,26/03/2020,110.1,124.6,137.7,178.13
27/03/2020,110.2,124.7,138.3,179.06,,27/03/2020,110.2,124.7,138.3,179.06
30/03/2020,110.2,125.2,138.8,180.72,,30/03/2020,110.2,125.2,138.8,180.72
31/03/2020,110.2,125.2,138.7,179.06,,31/03/2020,110.2,125.2,138.7,179.06
01/04/2020,110.2,125.4,139,181.13,,01/04/2020,110.2,125.4,139,181.13
02/04/2020,110.2,125.3,138.9,181.53,,02/04/2020,110.2,125.3,138.9,181.53
03/04/2020,110.2,125.4,139.1,182.56,,03/04/2020,110.2,125.4,139.1,182.56
05/04/2020,110.2,125.3,138.9,181.86,,05/04/2020,110.2,125.3,138.9,181.86
06/04/2020,110.1,125.1,138.6,180.77,,06/04/2020,110.1,125.1,138.6,180.77