DATE,2y,5y,10y,30y
2014-08-01,0.69,1.824,2.6510000000000002,3.284
2014-08-04,0.6709999999999999,1.784,2.613,3.25
2014-08-05,0.6940000000000001,1.8319999999999999,2.657,3.301
2014-08-06,0.677,1.797,2.6069999999999998,3.241
2014-08-07,0.679,1.7890000000000001,2.5989999999999998,3.228
2014-08-08,0.66,1.739,2.541,3.173
2014-08-11,0.677,1.786,2.593,3.216
2014-08-12,0.674,1.7719999999999998,2.5869999999999997,3.22
2014-08-13,0.643,1.735,2.569,3.216
2014-08-14,0.633,1.716,2.5469999999999997,3.1889999999999996
2014-08-15,0.628,1.686,2.479,3.095
2014-08-18,0.652,1.733,2.53,3.1519999999999997
2014-08-19,0.653,1.734,2.548,3.187
2014-08-20,0.6659999999999999,1.7590000000000001,2.576,3.215
2014-08-21,0.6890000000000001,1.786,2.571,3.19
2014-08-22,0.716,1.817,2.57,3.1689999999999996
2014-08-25,0.7240000000000001,1.819,2.5469999999999997,3.135
2014-08-26,0.725,1.8019999999999998,2.526,3.1180000000000003
2014-08-27,0.7120000000000001,1.7790000000000001,2.519,3.116
2014-08-28,0.721,1.78,2.484,3.05
2014-08-29,0.715,1.776,2.491,3.057
2014-09-02,0.742,1.817,2.55,3.137
2014-09-03,0.738,1.8219999999999998,2.5580000000000003,3.1460000000000004
2014-09-04,0.746,1.838,2.573,3.1719999999999997
2014-09-05,0.7190000000000001,1.797,2.552,3.167
2014-09-08,0.722,1.801,2.55,3.159
2014-09-09,0.773,1.882,2.612,3.2039999999999997
2014-09-10,0.784,1.916,2.662,3.253
2014-09-11,0.782,1.9069999999999998,2.6519999999999997,3.241
2014-09-12,0.805,1.965,2.741,3.3289999999999997
2014-09-15,0.7879999999999999,1.9509999999999998,2.73,3.323
2014-09-16,0.785,1.9469999999999998,2.725,3.3339999999999996
2014-09-17,0.772,1.929,2.721,3.338
2014-09-18,0.815,2.0180000000000002,2.775,3.362
2014-09-19,0.8140000000000001,2.003,2.753,3.342
2014-09-22,0.7979999999999999,1.959,2.6919999999999997,3.2710000000000004
2014-09-23,0.7959999999999999,1.94,2.6719999999999997,3.2489999999999997
2014-09-24,0.795,1.9409999999999998,2.6660000000000004,3.238
2014-09-25,0.792,1.933,2.656,3.23
2014-09-26,0.8059999999999999,1.95,2.654,3.205
2014-09-29,0.82,1.936,2.628,3.162
2014-09-30,0.8290000000000001,1.939,2.635,3.178
2014-10-01,0.7929999999999999,1.8780000000000001,2.582,3.145
2014-10-02,0.7829999999999999,1.855,2.5610000000000004,3.125
2014-10-03,0.8320000000000001,1.939,2.622,3.158
2014-10-06,0.81,1.89,2.588,3.138
2014-10-07,0.785,1.8519999999999999,2.5469999999999997,3.103
2014-10-08,0.7609999999999999,1.8090000000000002,2.4930000000000003,3.053
2014-10-09,0.7120000000000001,1.7530000000000001,2.4659999999999997,3.051
2014-10-10,0.7120000000000001,1.742,2.445,3.0260000000000002
2014-10-14,0.652,1.649,2.3609999999999998,2.957
2014-10-15,0.5720000000000001,1.4709999999999999,2.209,2.8360000000000003
2014-10-16,0.617,1.558,2.298,2.9189999999999996
2014-10-17,0.642,1.618,2.367,2.985
2014-10-20,0.621,1.591,2.333,2.96
2014-10-21,0.618,1.6030000000000002,2.349,2.9619999999999997
2014-10-22,0.628,1.617,2.358,2.969
2014-10-23,0.649,1.6640000000000001,2.41,3.0239999999999996
2014-10-24,0.647,1.666,2.403,3.014
2014-10-27,0.642,1.662,2.398,3.008
2014-10-28,0.64,1.669,2.417,3.025
2014-10-29,0.652,1.695,2.449,3.05
2014-10-30,0.684,1.725,2.434,3.0
2014-10-31,0.713,1.766,2.487,3.07
2014-11-03,0.738,1.8019999999999998,2.522,3.082
2014-11-04,0.71,1.744,2.455,3.015
2014-11-05,0.7340000000000001,1.78,2.495,3.05
2014-11-06,0.745,1.791,2.5069999999999997,3.0639999999999996
2014-11-07,0.732,1.761,2.465,3.034
2014-11-10,0.73,1.756,2.46,3.0269999999999997
2014-11-12,0.7440000000000001,1.757,2.46,3.0189999999999997
2014-11-13,0.743,1.7690000000000001,2.477,3.05
2014-11-14,0.7490000000000001,1.7790000000000001,2.478,3.0410000000000004
2014-11-17,0.7290000000000001,1.754,2.463,3.033
2014-11-18,0.7190000000000001,1.7409999999999999,2.441,3.011
2014-11-19,0.7440000000000001,1.7719999999999998,2.465,3.0260000000000002
2014-11-20,0.733,1.771,2.47,3.0269999999999997
2014-11-21,0.722,1.7469999999999999,2.444,3.002
2014-11-24,0.73,1.7519999999999998,2.447,2.9989999999999997
2014-11-25,0.722,1.729,2.417,2.977
2014-11-26,0.7090000000000001,1.682,2.359,2.9189999999999996
2014-11-28,0.703,1.6640000000000001,2.336,2.897
2014-12-01,0.675,1.6219999999999999,2.315,2.892
2014-12-02,0.7390000000000001,1.723,2.4090000000000003,2.971
2014-12-03,0.758,1.7469999999999999,2.425,2.98
2014-12-04,0.758,1.7269999999999999,2.384,2.928
2014-12-05,0.852,1.819,2.428,2.9389999999999996
2014-12-08,0.867,1.819,2.408,2.906
2014-12-09,0.8240000000000001,1.75,2.326,2.835
2014-12-10,0.826,1.743,2.32,2.826
2014-12-11,0.8440000000000001,1.757,2.322,2.826
2014-12-12,0.78,1.662,2.225,2.727
2014-12-15,0.816,1.7109999999999999,2.248,2.728
2014-12-16,0.7879999999999999,1.682,2.21,2.677
2014-12-17,0.8,1.694,2.211,2.6689999999999996
2014-12-18,0.858,1.801,2.347,2.782
2014-12-19,0.862,1.776,2.3169999999999997,2.7569999999999997
2014-12-22,0.887,1.7990000000000002,2.313,2.734
2014-12-23,0.9229999999999999,1.825,2.324,2.7310000000000003
2014-12-24,0.9279999999999999,1.882,2.418,2.83
2014-12-26,0.925,1.861,2.3819999999999997,2.783
2014-12-29,0.894,1.807,2.3169999999999997,2.721
2014-12-30,0.888,1.777,2.285,2.698
2015-01-02,0.8909999999999999,1.7369999999999999,2.229,2.6460000000000004
2015-01-05,0.892,1.703,2.165,2.5660000000000003
2015-01-06,0.8440000000000001,1.62,2.0780000000000003,2.488
2015-01-07,0.8490000000000001,1.6219999999999999,2.09,2.488
2015-01-08,0.848,1.643,2.133,2.537
2015-01-09,0.7929999999999999,1.5759999999999998,2.095,2.521
2015-01-12,0.7879999999999999,1.554,2.059,2.476
2015-01-13,0.782,1.547,2.05,2.454
2015-01-14,0.713,1.435,1.939,2.356
2015-01-15,0.7,1.411,1.922,2.36
2015-01-16,0.7170000000000001,1.433,1.935,2.363
2015-01-20,0.708,1.3969999999999998,1.8840000000000001,2.2969999999999997
2015-01-21,0.722,1.436,1.935,2.319
2015-01-22,0.76,1.514,2.008,2.387
2015-01-23,0.7490000000000001,1.482,1.9509999999999998,2.306
2015-01-26,0.779,1.5230000000000001,1.985,2.339
2015-01-27,0.738,1.445,1.9040000000000001,2.2680000000000002
2015-01-28,0.754,1.4669999999999999,1.931,2.2880000000000003
2015-01-29,0.748,1.445,1.899,2.245
2015-01-30,0.7140000000000001,1.368,1.815,2.171
2015-02-02,0.713,1.37,1.827,2.191
2015-02-03,0.73,1.411,1.8730000000000002,2.24
2015-02-04,0.778,1.483,1.9569999999999999,2.3369999999999997
2015-02-05,0.777,1.48,1.95,2.327
2015-02-06,0.8809999999999999,1.62,2.072,2.428
2015-02-09,0.9009999999999999,1.631,2.056,2.392
2015-02-10,0.912,1.672,2.1180000000000003,2.467
2015-02-11,0.922,1.683,2.146,2.505
2015-02-12,0.902,1.6569999999999998,2.1109999999999998,2.464
2015-02-13,0.887,1.6580000000000001,2.138,2.519
2015-02-17,0.9259999999999999,1.726,2.209,2.577
2015-02-18,0.9390000000000001,1.755,2.2430000000000003,2.6
2015-02-19,0.879,1.6909999999999998,2.198,2.591
2015-02-20,0.895,1.702,2.204,2.592
2015-02-23,0.9009999999999999,1.712,2.21,2.5860000000000003
2015-02-24,0.885,1.6840000000000002,2.177,2.56
2015-02-25,0.858,1.62,2.102,2.4819999999999998
2015-02-26,0.888,1.659,2.1180000000000003,2.4819999999999998
2015-02-27,0.882,1.661,2.138,2.509
2015-03-02,0.905,1.709,2.182,2.544
2015-03-03,0.925,1.745,2.225,2.585
2015-03-04,0.9159999999999999,1.7480000000000002,2.2430000000000003,2.602
2015-03-05,0.912,1.751,2.253,2.622
2015-03-06,0.966,1.834,2.349,2.721
2015-03-09,0.9620000000000001,1.806,2.3080000000000003,2.679
2015-03-10,0.951,1.7619999999999998,2.247,2.608
2015-03-11,0.9570000000000001,1.77,2.24,2.5810000000000004
2015-03-12,0.929,1.7309999999999999,2.19,2.525
2015-03-13,0.925,1.732,2.2119999999999997,2.559
2015-03-16,0.919,1.7180000000000002,2.193,2.531
2015-03-17,0.925,1.699,2.165,2.494
2015-03-18,0.935,1.693,2.131,2.441
2015-03-19,0.86,1.589,2.023,2.333
2015-03-20,0.845,1.577,2.03,2.3480000000000003
2015-03-23,0.8490000000000001,1.564,2.02,2.346
2015-03-24,0.843,1.55,2.002,2.329
2015-03-25,0.825,1.5230000000000001,1.976,2.3080000000000003
2015-03-26,0.856,1.597,2.072,2.407
2015-03-27,0.831,1.5730000000000002,2.06,2.398
2015-03-30,0.821,1.56,2.049,2.39
2015-03-31,0.8079999999999999,1.541,2.032,2.383
2015-04-01,0.7909999999999999,1.4980000000000002,1.98,2.332
2015-04-02,0.8029999999999999,1.516,2.005,2.3680000000000003
2015-04-07,0.778,1.51,2.028,2.423
2015-04-08,0.7809999999999999,1.5030000000000001,2.003,2.384
2015-04-09,0.804,1.527,2.013,2.386
2015-04-10,0.8140000000000001,1.5490000000000002,2.035,2.41
2015-04-13,0.8079999999999999,1.5419999999999998,2.037,2.425
2015-04-14,0.7659999999999999,1.46,1.943,2.33
2015-04-15,0.765,1.466,1.966,2.364
2015-04-16,0.775,1.493,2.005,2.414
2015-04-17,0.778,1.489,1.985,2.386
2015-04-20,0.777,1.475,1.964,2.345
2015-04-21,0.804,1.496,1.979,2.351
2015-04-22,0.813,1.5390000000000001,2.033,2.4019999999999997
2015-04-23,0.8029999999999999,1.531,2.031,2.3930000000000002
2015-04-24,0.778,1.48,1.986,2.371
2015-04-27,0.785,1.5090000000000001,2.022,2.4090000000000003
2015-04-28,0.7929999999999999,1.52,2.029,2.426
2015-04-29,0.816,1.591,2.136,2.548
2015-04-30,0.857,1.6480000000000001,2.188,2.5810000000000004
2015-05-01,0.855,1.642,2.189,2.592
2015-05-04,0.851,1.641,2.195,2.609
2015-05-05,0.878,1.692,2.267,2.6919999999999997
2015-05-06,0.894,1.7309999999999999,2.311,2.734
2015-05-07,0.8959999999999999,1.72,2.286,2.697
2015-05-08,0.838,1.631,2.199,2.633
2015-05-11,0.867,1.685,2.28,2.742
2015-05-12,0.873,1.7309999999999999,2.336,2.783
2015-05-13,0.833,1.675,2.301,2.77
2015-05-14,0.8170000000000001,1.66,2.2880000000000003,2.772
2015-05-15,0.805,1.62,2.224,2.701
2015-05-18,0.826,1.66,2.28,2.7489999999999997
2015-05-19,0.8640000000000001,1.71,2.318,2.762
2015-05-20,0.8540000000000001,1.692,2.3040000000000003,2.761
2015-05-21,0.8440000000000001,1.67,2.275,2.725
2015-05-22,0.882,1.692,2.269,2.697
2015-05-26,0.89,1.6869999999999998,2.245,2.665
2015-05-27,0.893,1.6909999999999998,2.242,2.6639999999999997
2015-05-28,0.871,1.661,2.226,2.6489999999999996
2015-05-29,0.853,1.631,2.195,2.62
2015-06-01,0.865,1.651,2.233,2.6689999999999996
2015-06-02,0.8959999999999999,1.732,2.323,2.748
2015-06-03,0.909,1.794,2.408,2.8289999999999997
2015-06-04,0.905,1.785,2.4019999999999997,2.824
2015-06-05,0.977,1.876,2.4819999999999998,2.8819999999999997
2015-06-08,0.9490000000000001,1.8359999999999999,2.461,2.878
2015-06-09,0.9740000000000001,1.883,2.52,2.9530000000000003
2015-06-10,0.983,1.906,2.553,2.978
2015-06-11,0.998,1.896,2.5140000000000002,2.928
2015-06-12,0.978,1.8359999999999999,2.43,2.844
2015-06-15,0.9620000000000001,1.828,2.436,2.859
2015-06-16,0.958,1.821,2.435,2.865
2015-06-17,0.986,1.8559999999999999,2.454,2.877
2015-06-18,0.903,1.7790000000000001,2.424,2.883
2015-06-19,0.875,1.719,2.356,2.8160000000000003
2015-06-22,0.905,1.7830000000000001,2.428,2.878
2015-06-23,0.9179999999999999,1.807,2.468,2.925
2015-06-24,0.9209999999999999,1.828,2.491,2.946
2015-06-25,0.927,1.844,2.51,2.968
2015-06-26,0.941,1.864,2.5540000000000003,3.014
2015-06-29,0.903,1.791,2.474,2.95
2015-06-30,0.898,1.777,2.458,2.935
2015-07-01,0.9259999999999999,1.8219999999999998,2.51,2.985
2015-07-02,0.9009999999999999,1.79,2.492,2.9819999999999998
2015-07-06,0.8759999999999999,1.749,2.452,2.955
2015-07-07,0.816,1.6440000000000001,2.325,2.821
2015-07-08,0.8290000000000001,1.682,2.3680000000000003,2.842
2015-07-09,0.8290000000000001,1.693,2.388,2.8680000000000003
2015-07-10,0.868,1.758,2.471,2.963
2015-07-13,0.9259999999999999,1.827,2.522,2.9930000000000003
2015-07-14,0.889,1.788,2.495,2.987
2015-07-15,0.903,1.791,2.48,2.963
2015-07-16,0.905,1.77,2.439,2.912
2015-07-17,0.929,1.79,2.437,2.8810000000000002
2015-07-20,0.9570000000000001,1.817,2.448,2.886
2015-07-21,0.945,1.804,2.447,2.8989999999999996
2015-07-22,0.9440000000000001,1.774,2.3890000000000002,2.833
2015-07-23,0.9670000000000001,1.8090000000000002,2.418,2.85
2015-07-24,0.9279999999999999,1.744,2.353,2.778
2015-07-27,0.907,1.705,2.314,2.753
2015-07-28,0.9129999999999999,1.719,2.3369999999999997,2.778
2015-07-29,0.927,1.754,2.37,2.7960000000000003
2015-07-30,0.971,1.7690000000000001,2.36,2.765
2015-07-31,0.904,1.683,2.281,2.71
2015-08-03,0.898,1.665,2.263,2.69
2015-08-04,0.91,1.675,2.262,2.676
2015-08-05,0.978,1.778,2.363,2.763
2015-08-06,0.953,1.743,2.32,2.716
2015-08-07,0.976,1.7280000000000002,2.283,2.677
2015-08-10,0.975,1.7369999999999999,2.2969999999999997,2.688
2015-08-11,0.9229999999999999,1.663,2.229,2.6310000000000002
2015-08-12,0.878,1.598,2.167,2.572
2015-08-13,0.938,1.682,2.246,2.6439999999999997
2015-08-14,0.9590000000000001,1.714,2.274,2.665
2015-08-17,0.946,1.683,2.235,2.6310000000000002
2015-08-18,0.9520000000000001,1.694,2.253,2.647
2015-08-19,0.948,1.695,2.261,2.6630000000000003
2015-08-20,0.893,1.611,2.175,2.5839999999999996
2015-08-21,0.871,1.58,2.146,2.569
2015-08-24,0.799,1.493,2.069,2.506
2015-08-25,0.818,1.547,2.154,2.5989999999999998
2015-08-26,0.7909999999999999,1.5430000000000001,2.1790000000000003,2.647
2015-08-27,0.843,1.6130000000000002,2.241,2.693
2015-08-28,0.8320000000000001,1.58,2.209,2.6660000000000004
2015-08-31,0.865,1.605,2.218,2.665
2015-09-01,0.858,1.594,2.221,2.685
2015-09-02,0.852,1.598,2.229,2.698
2015-09-03,0.843,1.598,2.245,2.727
2015-09-04,0.856,1.574,2.191,2.654
2015-09-08,0.8540000000000001,1.5830000000000002,2.217,2.7030000000000003
2015-09-09,0.868,1.608,2.245,2.718
2015-09-10,0.8640000000000001,1.5919999999999999,2.227,2.694
2015-09-11,0.852,1.565,2.199,2.6639999999999997
2015-09-14,0.856,1.569,2.2030000000000003,2.677
2015-09-15,0.882,1.609,2.259,2.755
2015-09-16,0.8959999999999999,1.63,2.2840000000000003,2.787
2015-09-17,0.9159999999999999,1.649,2.292,2.786
2015-09-18,0.81,1.541,2.193,2.701
2015-09-21,0.823,1.544,2.199,2.715
2015-09-22,0.794,1.493,2.14,2.6639999999999997
2015-09-23,0.8,1.508,2.1590000000000003,2.6860000000000004
2015-09-24,0.769,1.449,2.085,2.592
2015-09-25,0.802,1.514,2.161,2.673
2015-09-28,0.779,1.4569999999999999,2.088,2.592
2015-09-29,0.763,1.4169999999999998,2.043,2.5540000000000003
2015-09-30,0.753,1.392,2.0069999999999997,2.526
2015-10-01,0.762,1.399,2.009,2.508
2015-10-02,0.6890000000000001,1.305,1.925,2.455
2015-10-05,0.725,1.37,2.008,2.544
2015-10-06,0.728,1.3840000000000001,2.029,2.5660000000000003
2015-10-07,0.748,1.412,2.046,2.572
2015-10-08,0.762,1.43,2.053,2.573
2015-10-09,0.768,1.452,2.084,2.6039999999999996
2015-10-13,0.754,1.4240000000000002,2.046,2.572
2015-10-14,0.6809999999999999,1.3219999999999998,1.955,2.505
2015-10-15,0.7120000000000001,1.3459999999999999,1.966,2.5
2015-10-16,0.723,1.358,1.9680000000000002,2.492
2015-10-19,0.726,1.3840000000000001,2.009,2.548
2015-10-20,0.738,1.405,2.032,2.5669999999999997
2015-10-21,0.73,1.381,1.995,2.523
2015-10-22,0.7190000000000001,1.376,2.001,2.531
2015-10-23,0.754,1.4240000000000002,2.037,2.545
2015-10-26,0.754,1.4080000000000001,2.008,2.505
2015-10-27,0.728,1.361,1.965,2.474
2015-10-28,0.754,1.3980000000000001,2.0,2.513
2015-10-29,0.84,1.5030000000000001,2.082,2.563
2015-10-30,0.851,1.5130000000000001,2.086,2.557
2015-11-02,0.865,1.5290000000000001,2.097,2.565
2015-11-03,0.8809999999999999,1.545,2.109,2.576
2015-11-04,0.909,1.57,2.1180000000000003,2.576
2015-11-05,0.899,1.556,2.093,2.5469999999999997
2015-11-06,0.9840000000000001,1.681,2.2319999999999998,2.694
2015-11-09,0.9990000000000001,1.7180000000000002,2.271,2.735
2015-11-10,0.96,1.656,2.215,2.6830000000000003
2015-11-12,0.97,1.663,2.209,2.668
2015-11-13,0.9490000000000001,1.618,2.162,2.62
2015-11-16,0.934,1.5930000000000002,2.144,2.6189999999999998
2015-11-17,0.9690000000000001,1.643,2.1830000000000003,2.65
2015-11-18,0.9640000000000001,1.629,2.155,2.612
2015-11-19,0.941,1.5719999999999998,2.08,2.519
2015-11-20,0.95,1.558,2.075,2.526
2015-11-23,0.9790000000000001,1.5859999999999999,2.0909999999999997,2.522
2015-11-24,0.9840000000000001,1.59,2.1069999999999998,2.551
2015-11-25,0.993,1.604,2.106,2.55
2015-11-27,0.983,1.5730000000000002,2.083,2.544
2015-11-30,0.996,1.577,2.073,2.529
2015-12-01,0.975,1.54,2.039,2.499
2015-12-02,0.998,1.567,2.066,2.511
2015-12-03,1.035,1.643,2.156,2.613
2015-12-04,1.035,1.66,2.1959999999999997,2.66
2015-12-07,1.046,1.635,2.138,2.5860000000000003
2015-12-08,1.048,1.6219999999999999,2.121,2.571
2015-12-09,1.0590000000000002,1.6469999999999998,2.16,2.627
2015-12-10,1.044,1.6280000000000001,2.145,2.616
2015-12-11,1.018,1.588,2.102,2.5639999999999996
2015-12-14,1.014,1.588,2.113,2.575
2015-12-15,1.0390000000000001,1.6480000000000001,2.178,2.64
2015-12-16,1.056,1.679,2.199,2.66
2015-12-17,1.093,1.685,2.176,2.6210000000000004
2015-12-18,1.099,1.672,2.148,2.591
2015-12-21,1.1059999999999999,1.673,2.146,2.585
2015-12-22,1.109,1.685,2.166,2.615
2015-12-23,1.124,1.714,2.21,2.659
2015-12-24,1.125,1.6980000000000002,2.1719999999999997,2.608
2015-12-28,1.1320000000000001,1.692,2.1590000000000003,2.5789999999999997
2015-12-29,1.157,1.73,2.2030000000000003,2.637
2015-12-30,1.187,1.7719999999999998,2.2359999999999998,2.661
2015-12-31,1.162,1.7209999999999999,2.1830000000000003,2.61
2016-01-04,1.143,1.683,2.136,2.562
2016-01-05,1.143,1.6869999999999998,2.165,2.615
2016-01-06,1.1159999999999999,1.639,2.102,2.5380000000000003
2016-01-07,1.085,1.61,2.095,2.546
2016-01-08,1.045,1.548,2.04,2.504
2016-01-11,1.024,1.515,2.005,2.465
2016-01-12,1.011,1.496,1.9909999999999999,2.449
2016-01-13,1.005,1.484,1.9769999999999999,2.431
2016-01-14,0.968,1.4340000000000002,1.9340000000000002,2.394
2016-01-15,0.9059999999999999,1.355,1.87,2.3280000000000003
2016-01-19,0.932,1.3980000000000001,1.902,2.345
2016-01-20,0.866,1.314,1.814,2.255
2016-01-21,0.888,1.3519999999999999,1.859,2.302
2016-01-22,0.9309999999999999,1.419,1.9240000000000002,2.372
2016-01-25,0.9329999999999999,1.409,1.895,2.34
2016-01-26,0.924,1.395,1.881,2.33
2016-01-27,0.9359999999999999,1.4140000000000001,1.9040000000000001,2.3569999999999998
2016-01-28,0.895,1.3719999999999999,1.881,2.336
2016-01-29,0.846,1.3,1.804,2.261
2016-02-01,0.872,1.3330000000000002,1.838,2.301
2016-02-02,0.8290000000000001,1.258,1.757,2.218
2016-02-03,0.769,1.19,1.7109999999999999,2.187
2016-02-04,0.795,1.2329999999999999,1.775,2.267
2016-02-05,0.8240000000000001,1.251,1.791,2.2769999999999997
2016-02-08,0.767,1.14,1.66,2.153
2016-02-09,0.738,1.11,1.625,2.114
2016-02-10,0.772,1.126,1.6159999999999999,2.088
2016-02-12,0.738,1.0959999999999999,1.558,2.0380000000000003
2016-02-16,0.768,1.1340000000000001,1.615,2.115
2016-02-17,0.8140000000000001,1.198,1.694,2.197
2016-02-18,0.804,1.171,1.655,2.155
2016-02-19,0.8,1.1420000000000001,1.598,2.08
2016-02-22,0.813,1.149,1.609,2.114
2016-02-23,0.802,1.135,1.601,2.106
2016-02-24,0.7659999999999999,1.073,1.5219999999999998,2.0269999999999997
2016-02-25,0.77,1.08,1.5390000000000001,2.041
2016-02-26,0.8420000000000001,1.156,1.595,2.096
2016-02-29,0.848,1.146,1.5659999999999998,2.064
2016-03-01,0.866,1.196,1.632,2.137
2016-03-02,0.9129999999999999,1.263,1.6980000000000002,2.171
2016-03-03,0.902,1.2690000000000001,1.699,2.161
2016-03-04,0.927,1.304,1.74,2.197
2016-03-07,0.9470000000000001,1.3259999999999998,1.756,2.1959999999999997
2016-03-08,0.9109999999999999,1.244,1.652,2.089
2016-03-09,0.9390000000000001,1.28,1.699,2.146
2016-03-10,0.986,1.367,1.7819999999999998,2.204
2016-03-11,1.013,1.4,1.81,2.226
2016-03-14,1.01,1.389,1.798,2.225
2016-03-15,1.025,1.4040000000000001,1.7990000000000002,2.224
2016-03-16,1.063,1.452,1.8359999999999999,2.239
2016-03-17,0.938,1.3130000000000002,1.7380000000000002,2.18
2016-03-18,0.915,1.274,1.705,2.1630000000000003
2016-03-21,0.941,1.3030000000000002,1.74,2.199
2016-03-22,0.955,1.3130000000000002,1.743,2.185
2016-03-23,0.98,1.344,1.767,2.2
2016-03-24,0.98,1.334,1.7480000000000002,2.1630000000000003
2016-03-28,0.9620000000000001,1.317,1.7380000000000002,2.168
2016-03-29,0.941,1.295,1.724,2.167
2016-03-30,0.8909999999999999,1.25,1.706,2.189
2016-03-31,0.8640000000000001,1.209,1.666,2.146
2016-04-01,0.8859999999999999,1.2209999999999999,1.669,2.155
2016-04-04,0.878,1.2,1.65,2.137
2016-04-05,0.845,1.153,1.597,2.076
2016-04-06,0.85,1.1640000000000001,1.619,2.114
2016-04-07,0.833,1.13,1.581,2.068
2016-04-08,0.853,1.1540000000000001,1.6,2.097
2016-04-11,0.846,1.146,1.607,2.112
2016-04-12,0.862,1.173,1.6280000000000001,2.131
2016-04-13,0.88,1.199,1.646,2.137
2016-04-14,0.8759999999999999,1.197,1.645,2.134
2016-04-15,0.862,1.167,1.608,2.093
2016-04-18,0.863,1.179,1.624,2.119
2016-04-19,0.899,1.224,1.666,2.16
2016-04-20,0.8959999999999999,1.207,1.6340000000000001,2.119
2016-04-21,0.9520000000000001,1.308,1.75,2.235
2016-04-22,0.9540000000000001,1.3119999999999998,1.7480000000000002,2.235
2016-04-25,0.953,1.3119999999999998,1.754,2.246
2016-04-26,0.972,1.3419999999999999,1.786,2.2769999999999997
2016-04-27,0.965,1.3219999999999998,1.758,2.254
2016-04-28,0.946,1.2990000000000002,1.736,2.238
2016-04-29,0.924,1.276,1.724,2.233
2016-05-02,0.935,1.29,1.736,2.239
2016-05-03,0.894,1.224,1.6780000000000002,2.189
2016-05-04,0.895,1.225,1.671,2.1790000000000003
2016-05-05,0.883,1.199,1.641,2.149
2016-05-06,0.85,1.156,1.604,2.129
2016-05-09,0.852,1.151,1.598,2.124
2016-05-10,0.86,1.165,1.605,2.121
2016-05-11,0.867,1.1640000000000001,1.599,2.112
2016-05-12,0.877,1.178,1.607,2.119
2016-05-13,0.904,1.199,1.6,2.096
2016-05-16,0.9059999999999999,1.205,1.611,2.1069999999999998
2016-05-17,0.922,1.213,1.6119999999999999,2.095
2016-05-18,0.973,1.286,1.682,2.158
2016-05-19,1.0170000000000001,1.327,1.7009999999999998,2.151
2016-05-20,1.028,1.339,1.712,2.156
2016-05-23,1.042,1.348,1.714,2.161
2016-05-24,1.0590000000000002,1.3659999999999999,1.73,2.178
2016-05-25,1.054,1.365,1.716,2.162
2016-05-26,1.021,1.337,1.703,2.156
2016-05-27,1.021,1.328,1.6969999999999998,2.1630000000000003
2016-05-31,1.053,1.36,1.715,2.168
2016-06-01,1.044,1.3430000000000002,1.69,2.131
2016-06-02,1.031,1.321,1.672,2.108
2016-06-03,0.935,1.213,1.588,2.06
2016-06-06,0.9490000000000001,1.236,1.611,2.0709999999999997
2016-06-07,0.9179999999999999,1.195,1.579,2.048
2016-06-08,0.922,1.202,1.579,2.043
2016-06-09,0.903,1.17,1.5419999999999998,1.992
2016-06-10,0.8859999999999999,1.139,1.5119999999999998,1.966
2016-06-13,0.87,1.1179999999999999,1.5030000000000001,1.9680000000000002
2016-06-14,0.866,1.0979999999999999,1.469,1.923
2016-06-15,0.871,1.103,1.473,1.925
2016-06-16,0.815,1.043,1.4140000000000001,1.8769999999999998
2016-06-17,0.8490000000000001,1.109,1.4909999999999999,1.943
2016-06-20,0.8759999999999999,1.1540000000000001,1.551,2.002
2016-06-21,0.883,1.1640000000000001,1.5590000000000002,2.006
2016-06-22,0.892,1.185,1.588,2.043
2016-06-23,0.905,1.203,1.595,2.0580000000000003
2016-06-24,0.7659999999999999,1.041,1.44,1.932
2016-06-27,0.7120000000000001,0.958,1.345,1.821
2016-06-28,0.736,0.975,1.3419999999999999,1.796
2016-06-29,0.747,0.978,1.3459999999999999,1.788
2016-06-30,0.753,0.995,1.369,1.818
2016-07-01,0.757,0.998,1.367,1.825
2016-07-05,0.736,0.94,1.2930000000000001,1.734
2016-07-06,0.742,0.9490000000000001,1.296,1.735
2016-07-07,0.769,0.971,1.308,1.7369999999999999
2016-07-08,0.797,0.965,1.2790000000000001,1.695
2016-07-11,0.815,0.998,1.307,1.7169999999999999
2016-07-12,0.8440000000000001,1.044,1.37,1.79
2016-07-13,0.826,1.016,1.33,1.7369999999999999
2016-07-14,0.8540000000000001,1.0590000000000002,1.381,1.794
2016-07-15,0.907,1.1320000000000001,1.453,1.851
2016-07-18,0.894,1.11,1.436,1.841
2016-07-19,0.899,1.101,1.425,1.83
2016-07-20,0.935,1.148,1.4580000000000002,1.8530000000000002
2016-07-21,0.958,1.173,1.4969999999999999,1.8980000000000001
2016-07-22,0.961,1.165,1.474,1.859
2016-07-25,0.983,1.1840000000000002,1.4769999999999999,1.844
2016-07-26,0.983,1.186,1.479,1.8530000000000002
2016-07-27,0.963,1.1520000000000001,1.443,1.821
2016-07-28,0.945,1.124,1.412,1.7890000000000001
2016-07-29,0.8909999999999999,1.068,1.3730000000000002,1.766
2016-08-01,0.9,1.0759999999999998,1.3869999999999998,1.784
2016-08-02,0.917,1.105,1.4280000000000002,1.828
2016-08-03,0.9420000000000001,1.133,1.453,1.838
2016-08-04,0.91,1.072,1.383,1.7719999999999998
2016-08-05,0.985,1.167,1.4609999999999999,1.8319999999999999
2016-08-08,0.9990000000000001,1.181,1.466,1.8319999999999999
2016-08-09,1.016,1.179,1.4509999999999998,1.7919999999999998
2016-08-10,0.972,1.136,1.421,1.7790000000000001
2016-08-11,0.961,1.135,1.4169999999999998,1.77
2016-08-12,0.941,1.094,1.368,1.713
2016-08-15,0.9520000000000001,1.1320000000000001,1.416,1.7630000000000001
2016-08-16,0.976,1.165,1.444,1.7790000000000001
2016-08-17,0.9990000000000001,1.1740000000000002,1.4380000000000002,1.7590000000000001
2016-08-18,0.971,1.148,1.425,1.7519999999999998
2016-08-19,0.9990000000000001,1.18,1.4509999999999998,1.7730000000000001
2016-08-22,0.9990000000000001,1.16,1.413,1.719
2016-08-23,0.992,1.1440000000000001,1.383,1.665
2016-08-24,0.992,1.1520000000000001,1.406,1.6880000000000002
2016-08-25,0.9990000000000001,1.16,1.412,1.6909999999999998
2016-08-26,1.018,1.169,1.409,1.6769999999999998
2016-08-29,1.05,1.216,1.444,1.6880000000000002
2016-08-30,1.037,1.198,1.432,1.683
2016-08-31,1.036,1.194,1.431,1.695
2016-09-01,1.033,1.202,1.443,1.71
2016-09-02,1.047,1.234,1.479,1.749
2016-09-06,1.0,1.157,1.415,1.712
2016-09-07,0.9840000000000001,1.131,1.389,1.6980000000000002
2016-09-08,1.004,1.162,1.42,1.7380000000000002
2016-09-09,1.045,1.232,1.5119999999999998,1.848
2016-09-12,1.044,1.24,1.531,1.857
2016-09-13,1.022,1.208,1.514,1.849
2016-09-14,1.0190000000000001,1.218,1.536,1.891
2016-09-15,0.9990000000000001,1.197,1.527,1.902
2016-09-16,1.014,1.21,1.5230000000000001,1.882
2016-09-19,1.028,1.228,1.531,1.889
2016-09-20,1.0290000000000001,1.213,1.5090000000000001,1.849
2016-09-21,1.0590000000000002,1.256,1.55,1.895
2016-09-22,1.0270000000000001,1.195,1.465,1.7919999999999998
2016-09-23,1.028,1.193,1.465,1.797
2016-09-26,1.002,1.1640000000000001,1.4380000000000002,1.7790000000000001
2016-09-27,0.998,1.149,1.41,1.7369999999999999
2016-09-28,0.9890000000000001,1.1440000000000001,1.406,1.729
2016-09-29,1.006,1.172,1.4409999999999998,1.761
2016-09-30,1.0,1.161,1.436,1.766
2016-10-03,1.032,1.203,1.473,1.7919999999999998
2016-10-04,1.047,1.224,1.5019999999999998,1.8319999999999999
2016-10-05,1.0759999999999998,1.2770000000000001,1.5730000000000002,1.911
2016-10-06,1.077,1.28,1.577,1.91
2016-10-07,1.085,1.2930000000000001,1.5819999999999999,1.921
2016-10-11,1.1059999999999999,1.3119999999999998,1.601,1.94
2016-10-12,1.104,1.325,1.6280000000000001,1.9669999999999999
2016-10-13,1.074,1.2790000000000001,1.577,1.916
2016-10-14,1.0590000000000002,1.278,1.598,1.959
2016-10-17,1.05,1.2790000000000001,1.605,1.966
2016-10-18,1.037,1.261,1.59,1.954
2016-10-19,1.034,1.251,1.581,1.9469999999999998
2016-10-20,1.05,1.2590000000000001,1.5759999999999998,1.9280000000000002
2016-10-21,1.064,1.272,1.5819999999999999,1.926
2016-10-24,1.078,1.295,1.605,1.9609999999999999
2016-10-25,1.079,1.286,1.589,1.933
2016-10-26,1.1,1.325,1.635,1.979
2016-10-27,1.1079999999999999,1.375,1.713,2.069
2016-10-28,1.102,1.3619999999999999,1.712,2.073
2016-10-31,1.083,1.3359999999999999,1.685,2.046
2016-11-01,1.0959999999999999,1.361,1.7209999999999999,2.07
2016-11-02,1.053,1.297,1.662,2.025
2016-11-03,1.048,1.297,1.669,2.051
2016-11-04,1.042,1.2830000000000001,1.65,2.03
2016-11-07,1.067,1.319,1.6780000000000002,2.041
2016-11-08,1.09,1.355,1.706,2.053
2016-11-09,1.093,1.415,1.801,2.16
2016-11-10,1.156,1.5519999999999998,1.965,2.327
2016-11-14,1.235,1.705,2.119,2.452
2016-11-15,1.245,1.702,2.093,2.3930000000000002
2016-11-16,1.251,1.719,2.094,2.366
2016-11-17,1.253,1.706,2.094,2.395
2016-11-18,1.291,1.7819999999999998,2.177,2.459
2016-11-21,1.2830000000000001,1.7730000000000001,2.161,2.435
2016-11-22,1.291,1.7630000000000001,2.14,2.428
2016-11-23,1.328,1.837,2.22,2.491
2016-11-25,1.334,1.82,2.186,2.4419999999999997
2016-11-28,1.3159999999999998,1.785,2.153,2.418
2016-11-29,1.3130000000000002,1.791,2.167,2.4290000000000003
2016-11-30,1.318,1.806,2.204,2.489
2016-12-01,1.3419999999999999,1.859,2.2680000000000002,2.546
2016-12-02,1.321,1.818,2.228,2.5140000000000002
2016-12-05,1.348,1.8559999999999999,2.26,2.5380000000000003
2016-12-06,1.3430000000000002,1.8359999999999999,2.237,2.526
2016-12-07,1.329,1.807,2.204,2.501
2016-12-08,1.338,1.834,2.25,2.557
2016-12-09,1.344,1.8559999999999999,2.291,2.614
2016-12-12,1.369,1.911,2.358,2.677
2016-12-13,1.38,1.9,2.3369999999999997,2.659
2016-12-14,1.374,1.88,2.289,2.589
2016-12-15,1.518,2.0980000000000003,2.479,2.714
2016-12-16,1.528,2.135,2.54,2.78
2016-12-19,1.493,2.06,2.463,2.713
2016-12-20,1.5090000000000001,2.09,2.48,2.722
2016-12-21,1.489,2.059,2.461,2.715
2016-12-22,1.492,2.065,2.454,2.7
2016-12-23,1.501,2.055,2.435,2.681
2016-12-27,1.5130000000000001,2.082,2.464,2.708
2016-12-28,1.5190000000000001,2.079,2.438,2.673
2016-12-29,1.4780000000000002,2.005,2.379,2.623
2016-12-30,1.46,1.9769999999999999,2.3480000000000003,2.597
2017-01-03,1.495,2.005,2.351,2.5810000000000004
2017-01-04,1.4769999999999999,1.9709999999999999,2.315,2.537
2017-01-05,1.44,1.9040000000000001,2.254,2.49
2017-01-06,1.475,1.949,2.282,2.502
2017-01-09,1.475,1.935,2.261,2.487
2017-01-10,1.466,1.906,2.233,2.468
2017-01-11,1.485,1.943,2.27,2.4930000000000003
2017-01-12,1.459,1.876,2.19,2.4290000000000003
2017-01-13,1.5019999999999998,1.959,2.29,2.5340000000000003
2017-01-17,1.462,1.889,2.222,2.465
2017-01-18,1.473,1.909,2.248,2.4930000000000003
2017-01-19,1.55,2.0340000000000003,2.375,2.596
2017-01-20,1.536,2.031,2.391,2.616
2017-01-23,1.473,1.946,2.31,2.559
2017-01-24,1.4880000000000002,1.9569999999999999,2.318,2.563
2017-01-25,1.52,2.022,2.4,2.653
2017-01-26,1.541,2.075,2.46,2.721
2017-01-27,1.516,2.0180000000000002,2.401,2.6689999999999996
2017-01-30,1.496,1.993,2.378,2.6489999999999996
2017-01-31,1.4909999999999999,1.9709999999999999,2.346,2.6189999999999998
2017-02-01,1.53,2.03,2.408,2.674
2017-02-02,1.494,1.975,2.356,2.638
2017-02-03,1.48,1.959,2.354,2.6489999999999996
2017-02-06,1.484,1.963,2.365,2.6689999999999996
2017-02-07,1.486,1.953,2.338,2.6319999999999997
2017-02-08,1.455,1.8980000000000001,2.266,2.548
2017-02-09,1.479,1.933,2.298,2.573
2017-02-10,1.5030000000000001,1.9769999999999999,2.35,2.616
2017-02-13,1.52,2.003,2.372,2.6310000000000002
2017-02-14,1.561,2.06,2.427,2.679
2017-02-15,1.5859999999999999,2.083,2.445,2.693
2017-02-16,1.571,2.0380000000000003,2.394,2.645
2017-02-17,1.551,2.009,2.367,2.636
2017-02-21,1.575,2.042,2.406,2.677
2017-02-22,1.5730000000000002,2.044,2.41,2.6860000000000004
2017-02-23,1.541,1.9880000000000002,2.363,2.6460000000000004
2017-02-24,1.515,1.943,2.305,2.5860000000000003
2017-02-27,1.536,1.963,2.3169999999999997,2.588
2017-02-28,1.547,1.9709999999999999,2.322,2.5869999999999997
2017-03-01,1.633,2.095,2.4330000000000003,2.6860000000000004
2017-03-02,1.655,2.129,2.468,2.716
2017-03-03,1.67,2.156,2.484,2.715
2017-03-06,1.646,2.122,2.46,2.7030000000000003
2017-03-07,1.645,2.127,2.463,2.707
2017-03-08,1.675,2.176,2.515,2.7489999999999997
2017-03-09,1.693,2.208,2.548,2.782
2017-03-10,1.694,2.206,2.562,2.802
2017-03-13,1.7009999999999998,2.208,2.555,2.793
2017-03-14,1.704,2.213,2.563,2.7969999999999997
2017-03-15,1.723,2.224,2.559,2.782
2017-03-16,1.651,2.126,2.483,2.741
2017-03-17,1.649,2.121,2.471,2.735
2017-03-20,1.651,2.116,2.465,2.7319999999999998
2017-03-21,1.633,2.077,2.407,2.6660000000000004
2017-03-22,1.6059999999999999,2.028,2.356,2.6189999999999998
2017-03-23,1.6159999999999999,2.05,2.38,2.635
2017-03-24,1.619,2.062,2.396,2.6489999999999996
2017-03-27,1.598,2.025,2.352,2.6039999999999996
2017-03-28,1.6,2.02,2.3369999999999997,2.5860000000000003
2017-03-29,1.607,2.039,2.364,2.6210000000000004
2017-03-30,1.6219999999999999,2.055,2.384,2.637
2017-03-31,1.621,2.061,2.401,2.6660000000000004
2017-04-03,1.594,2.0,2.333,2.597
2017-04-04,1.585,1.992,2.324,2.595
2017-04-05,1.59,1.993,2.333,2.605
2017-04-06,1.579,1.979,2.329,2.612
2017-04-07,1.5759999999999998,1.96,2.292,2.563
2017-04-10,1.5930000000000002,1.993,2.325,2.5839999999999996
2017-04-11,1.5530000000000002,1.926,2.2569999999999997,2.529
2017-04-12,1.558,1.9269999999999998,2.254,2.525
2017-04-13,1.54,1.895,2.226,2.506
2017-04-17,1.505,1.855,2.186,2.476
2017-04-18,1.493,1.834,2.16,2.438
2017-04-19,1.5030000000000001,1.855,2.177,2.454
2017-04-20,1.528,1.886,2.204,2.463
2017-04-21,1.5190000000000001,1.875,2.1919999999999997,2.444
2017-04-24,1.57,1.935,2.248,2.494
2017-04-25,1.594,1.969,2.287,2.535
2017-04-26,1.598,1.976,2.298,2.551
2017-04-27,1.568,1.932,2.261,2.5269999999999997
2017-04-28,1.58,1.9480000000000002,2.275,2.544
2017-05-01,1.5819999999999999,1.953,2.276,2.544
2017-05-02,1.577,1.952,2.279,2.548
2017-05-03,1.568,1.9380000000000002,2.25,2.504
2017-05-04,1.6019999999999999,1.9880000000000002,2.309,2.56
2017-05-05,1.615,1.9909999999999999,2.306,2.551
2017-05-08,1.62,1.9980000000000002,2.316,2.5669999999999997
2017-05-09,1.6230000000000002,2.016,2.3369999999999997,2.5839999999999996
2017-05-10,1.595,1.98,2.303,2.557
2017-05-11,1.597,1.9869999999999999,2.318,2.5780000000000003
2017-05-12,1.5430000000000001,1.923,2.256,2.528
2017-05-15,1.535,1.916,2.255,2.53
2017-05-16,1.5219999999999998,1.89,2.23,2.505
2017-05-17,1.484,1.8330000000000002,2.17,2.456
2017-05-18,1.492,1.828,2.151,2.4290000000000003
2017-05-19,1.521,1.865,2.186,2.447
2017-05-22,1.52,1.857,2.178,2.44
2017-05-23,1.518,1.858,2.181,2.447
2017-05-24,1.548,1.9080000000000001,2.234,2.509
2017-05-25,1.5319999999999998,1.8769999999999998,2.208,2.494
2017-05-26,1.5330000000000001,1.871,2.193,2.471
2017-05-30,1.521,1.8530000000000002,2.177,2.459
2017-05-31,1.5090000000000001,1.83,2.15,2.435
2017-06-01,1.5219999999999998,1.84,2.1590000000000003,2.4330000000000003
2017-06-02,1.5030000000000001,1.796,2.106,2.38
2017-06-05,1.517,1.811,2.122,2.397
2017-06-06,1.496,1.781,2.089,2.3680000000000003
2017-06-07,1.511,1.804,2.109,2.3819999999999997
2017-06-08,1.536,1.85,2.1630000000000003,2.4330000000000003
2017-06-09,1.556,1.869,2.18,2.452
2017-06-12,1.5490000000000002,1.855,2.164,2.431
2017-06-13,1.554,1.854,2.158,2.434
2017-06-14,1.492,1.775,2.0869999999999997,2.397
2017-06-15,1.544,1.84,2.14,2.423
2017-06-16,1.525,1.815,2.12,2.405
2017-06-19,1.556,1.848,2.145,2.4130000000000003
2017-06-20,1.555,1.845,2.149,2.423
2017-06-21,1.557,1.845,2.149,2.4219999999999997
2017-06-22,1.544,1.819,2.1180000000000003,2.39
2017-06-23,1.54,1.815,2.12,2.394
2017-06-26,1.546,1.815,2.103,2.366
2017-06-27,1.5730000000000002,1.868,2.17,2.431
2017-06-28,1.571,1.8769999999999998,2.1919999999999997,2.455
2017-06-29,1.598,1.925,2.245,2.5140000000000002
2017-06-30,1.604,1.936,2.263,2.532
2017-07-03,1.64,1.996,2.316,2.572
2017-07-05,1.642,1.9909999999999999,2.315,2.574
2017-07-06,1.66,2.025,2.358,2.6239999999999997
2017-07-07,1.653,2.022,2.351,2.613
2017-07-10,1.642,2.0,2.336,2.602
2017-07-11,1.6440000000000001,2.009,2.342,2.6039999999999996
2017-07-12,1.597,1.935,2.27,2.548
2017-07-13,1.61,1.9580000000000002,2.2969999999999997,2.5780000000000003
2017-07-14,1.5919999999999999,1.921,2.269,2.5669999999999997
2017-07-17,1.5959999999999999,1.9240000000000002,2.266,2.562
2017-07-18,1.579,1.881,2.208,2.5069999999999997
2017-07-19,1.589,1.89,2.215,2.5140000000000002
2017-07-20,1.6,1.903,2.228,2.523
2017-07-21,1.594,1.8869999999999998,2.209,2.5069999999999997
2017-07-24,1.598,1.893,2.213,2.509
2017-07-25,1.624,1.94,2.273,2.575
2017-07-26,1.618,1.943,2.285,2.5860000000000003
2017-07-27,1.608,1.9240000000000002,2.273,2.596
2017-07-28,1.6019999999999999,1.9169999999999998,2.265,2.576
2017-07-31,1.5930000000000002,1.901,2.246,2.557
2017-08-01,1.589,1.881,2.217,2.525
2017-08-02,1.588,1.8769999999999998,2.206,2.5069999999999997
2017-08-03,1.5930000000000002,1.882,2.211,2.505
2017-08-04,1.611,1.91,2.249,2.544
2017-08-07,1.6119999999999999,1.8969999999999998,2.227,2.522
2017-08-08,1.618,1.9069999999999998,2.237,2.533
2017-08-09,1.5930000000000002,1.869,2.1919999999999997,2.488
2017-08-10,1.589,1.86,2.184,2.487
2017-08-11,1.561,1.838,2.17,2.479
2017-08-14,1.565,1.8419999999999999,2.171,2.471
2017-08-15,1.6019999999999999,1.889,2.217,2.513
2017-08-16,1.605,1.889,2.2119999999999997,2.496
2017-08-17,1.591,1.8559999999999999,2.174,2.472
2017-08-18,1.567,1.815,2.121,2.415
2017-08-21,1.565,1.82,2.133,2.4330000000000003
2017-08-22,1.578,1.8359999999999999,2.145,2.43
2017-08-23,1.56,1.811,2.123,2.414
2017-08-24,1.569,1.824,2.1319999999999997,2.417
2017-08-25,1.567,1.817,2.119,2.407
2017-08-28,1.5530000000000002,1.7990000000000002,2.106,2.405
2017-08-29,1.5230000000000001,1.75,2.05,2.356
2017-08-30,1.5430000000000001,1.781,2.088,2.3930000000000002
2017-08-31,1.536,1.771,2.08,2.388
2017-09-01,1.554,1.794,2.1069999999999998,2.4219999999999997
2017-09-05,1.52,1.7309999999999999,2.037,2.362
2017-09-06,1.5219999999999998,1.726,2.026,2.346
2017-09-07,1.506,1.71,2.006,2.32
2017-09-08,1.518,1.736,2.03,2.344
2017-09-11,1.5419999999999998,1.774,2.073,2.381
2017-09-12,1.564,1.814,2.12,2.4219999999999997
2017-09-13,1.5859999999999999,1.837,2.136,2.434
2017-09-14,1.619,1.869,2.165,2.457
2017-09-15,1.633,1.889,2.177,2.449
2017-09-18,1.6540000000000001,1.912,2.201,2.467
2017-09-19,1.655,1.909,2.2,2.4730000000000003
2017-09-20,1.6480000000000001,1.9,2.19,2.4659999999999997
2017-09-21,1.699,1.955,2.226,2.479
2017-09-22,1.702,1.9480000000000002,2.217,2.476
2017-09-25,1.6880000000000002,1.92,2.187,2.447
2017-09-26,1.706,1.9409999999999998,2.205,2.465
2017-09-27,1.725,1.9769999999999999,2.249,2.508
2017-09-28,1.726,1.9969999999999999,2.295,2.5639999999999996
2017-09-29,1.726,1.992,2.2769999999999997,2.536
2017-10-02,1.746,2.0140000000000002,2.289,2.532
2017-10-03,1.739,2.001,2.289,2.546
2017-10-04,1.745,2.009,2.296,2.56
2017-10-05,1.7619999999999998,2.024,2.302,2.5639999999999996
2017-10-06,1.778,2.048,2.325,2.5810000000000004
2017-10-10,1.7619999999999998,2.009,2.276,2.528
2017-10-11,1.7730000000000001,2.024,2.29,2.541
2017-10-12,1.7719999999999998,2.021,2.2880000000000003,2.545
2017-10-13,1.76,1.994,2.253,2.506
2017-10-16,1.7730000000000001,2.0069999999999997,2.254,2.497
2017-10-17,1.805,2.051,2.285,2.508
2017-10-18,1.817,2.073,2.316,2.5469999999999997
2017-10-19,1.788,2.042,2.2840000000000003,2.51
2017-10-20,1.807,2.092,2.356,2.593
2017-10-23,1.804,2.08,2.343,2.582
2017-10-24,1.814,2.105,2.383,2.627
2017-10-25,1.828,2.135,2.426,2.6719999999999997
2017-10-26,1.8330000000000002,2.133,2.419,2.6660000000000004
2017-10-27,1.815,2.105,2.388,2.634
2017-10-30,1.811,2.086,2.363,2.614
2017-10-31,1.8130000000000002,2.077,2.3409999999999997,2.582
2017-11-01,1.825,2.085,2.3409999999999997,2.577
2017-11-02,1.8259999999999998,2.081,2.336,2.5789999999999997
2017-11-03,1.839,2.0909999999999997,2.3369999999999997,2.572
2017-11-06,1.8319999999999999,2.069,2.3040000000000003,2.54
2017-11-07,1.835,2.061,2.292,2.521
2017-11-08,1.834,2.059,2.2880000000000003,2.5140000000000002
2017-11-09,1.848,2.086,2.323,2.551
2017-11-10,1.8519999999999999,2.106,2.364,2.6
2017-11-13,1.8719999999999999,2.122,2.373,2.609
2017-11-14,1.882,2.129,2.37,2.5980000000000003
2017-11-15,1.8719999999999999,2.1069999999999998,2.338,2.5610000000000004
2017-11-16,1.8869999999999998,2.119,2.345,2.5580000000000003
2017-11-17,1.889,2.119,2.344,2.5610000000000004
2017-11-20,1.9040000000000001,2.137,2.36,2.569
2017-11-21,1.9380000000000002,2.158,2.359,2.556
2017-11-22,1.923,2.14,2.345,2.551
2017-11-24,1.92,2.135,2.339,2.545
2017-11-27,1.93,2.133,2.333,2.541
2017-11-28,1.912,2.113,2.315,2.526
2017-11-29,1.946,2.17,2.381,2.59
2017-11-30,1.954,2.178,2.3890000000000002,2.597
2017-12-01,1.9880000000000002,2.214,2.408,2.594
2017-12-04,1.989,2.207,2.394,2.573
2017-12-05,2.003,2.219,2.397,2.563
2017-12-06,1.976,2.1719999999999997,2.336,2.501
2017-12-07,1.986,2.184,2.352,2.5180000000000002
2017-12-08,1.994,2.2030000000000003,2.39,2.568
2017-12-11,2.003,2.205,2.378,2.553
2017-12-12,2.036,2.245,2.425,2.6
2017-12-13,2.016,2.214,2.385,2.559
2017-12-14,2.019,2.208,2.372,2.544
2017-12-15,2.03,2.211,2.354,2.499
2017-12-18,2.03,2.202,2.3569999999999998,2.5180000000000002
2017-12-19,2.06,2.26,2.435,2.597
2017-12-20,2.074,2.281,2.464,2.6430000000000002
2017-12-21,2.086,2.295,2.475,2.6460000000000004
2017-12-22,2.095,2.296,2.465,2.625
2017-12-26,2.103,2.283,2.435,2.5789999999999997
2017-12-27,2.084,2.2680000000000002,2.419,2.556
2017-12-28,2.082,2.259,2.405,2.5340000000000003
2017-12-29,2.077,2.256,2.405,2.543
2018-01-02,2.102,2.283,2.439,2.59
2018-01-03,2.101,2.276,2.432,2.5860000000000003
2018-01-04,2.1430000000000002,2.323,2.464,2.603
2018-01-05,2.149,2.33,2.471,2.615
2018-01-08,2.147,2.324,2.4619999999999997,2.6010000000000004
2018-01-09,2.154,2.349,2.51,2.662
2018-01-10,2.176,2.3930000000000002,2.572,2.722
2018-01-11,2.174,2.38,2.55,2.695
2018-01-12,2.204,2.405,2.5540000000000003,2.673
2018-01-16,2.209,2.398,2.533,2.6460000000000004
2018-01-17,2.235,2.43,2.559,2.655
2018-01-18,2.2569999999999997,2.468,2.615,2.715
2018-01-19,2.258,2.499,2.6710000000000003,2.782
2018-01-22,2.263,2.5069999999999997,2.67,2.7760000000000002
2018-01-23,2.249,2.488,2.6489999999999996,2.76
2018-01-24,2.262,2.505,2.678,2.7939999999999996
2018-01-25,2.283,2.528,2.6839999999999997,2.781
2018-01-26,2.303,2.536,2.673,2.76
2018-01-29,2.323,2.5789999999999997,2.7319999999999998,2.8110000000000004
2018-01-30,2.315,2.569,2.734,2.8310000000000004
2018-01-31,2.342,2.608,2.759,2.8360000000000003
2018-02-01,2.345,2.616,2.7680000000000002,2.845
2018-02-02,2.381,2.6910000000000003,2.8710000000000004,2.948
2018-02-05,2.3609999999999998,2.68,2.885,2.9760000000000004
2018-02-07,2.329,2.609,2.806,2.905
2018-02-08,2.369,2.681,2.891,2.99
2018-02-09,2.355,2.638,2.852,2.964
2018-02-12,2.353,2.642,2.8510000000000004,2.952
2018-02-13,2.3569999999999998,2.642,2.8489999999999998,2.955
2018-02-14,2.425,2.7119999999999997,2.8960000000000004,2.98
2018-02-15,2.452,2.7310000000000003,2.905,2.98
2018-02-16,2.4619999999999997,2.715,2.872,2.948
2018-02-20,2.487,2.759,2.9139999999999997,2.991
2018-02-21,2.5140000000000002,2.7680000000000002,2.915,2.9989999999999997
2018-02-22,2.516,2.7760000000000002,2.932,3.0180000000000002
2018-02-23,2.4819999999999998,2.728,2.884,2.9789999999999996
2018-02-26,2.477,2.693,2.8339999999999996,2.926
2018-02-27,2.555,2.793,2.926,3.005
2018-02-28,2.546,2.7710000000000004,2.9,2.968
2018-03-01,2.52,2.739,2.867,2.943
2018-03-02,2.4859999999999998,2.716,2.863,2.95
2018-03-05,2.491,2.714,2.861,2.9419999999999997
2018-03-06,2.511,2.734,2.8710000000000004,2.947
2018-03-07,2.5340000000000003,2.759,2.891,2.969
2018-03-08,2.54,2.753,2.878,2.955
2018-03-09,2.574,2.798,2.926,3.0
2018-03-12,2.5780000000000003,2.7889999999999997,2.912,2.986
2018-03-13,2.582,2.7880000000000003,2.904,2.978
2018-03-14,2.583,2.7739999999999996,2.873,2.935
2018-03-15,2.574,2.753,2.8480000000000003,2.9010000000000002
2018-03-16,2.603,2.7880000000000003,2.888,2.938
2018-03-19,2.612,2.7939999999999996,2.887,2.938
2018-03-20,2.638,2.8280000000000003,2.92,2.969
2018-03-21,2.668,2.859,2.944,2.985
2018-03-22,2.593,2.7710000000000004,2.855,2.9010000000000002
2018-03-23,2.6,2.7739999999999996,2.8739999999999997,2.9330000000000003
2018-03-26,2.608,2.77,2.859,2.911
2018-03-27,2.5839999999999996,2.7539999999999996,2.8510000000000004,2.904
2018-03-28,2.546,2.685,2.7680000000000002,2.832
2018-03-29,2.5810000000000004,2.714,2.7889999999999997,2.835
2018-04-02,2.5789999999999997,2.7230000000000003,2.804,2.8510000000000004
2018-04-03,2.593,2.733,2.8089999999999997,2.8569999999999998
2018-04-04,2.5980000000000003,2.739,2.8110000000000004,2.858
2018-04-05,2.62,2.779,2.86,2.908
2018-04-06,2.595,2.733,2.813,2.866
2018-04-09,2.5980000000000003,2.75,2.832,2.885
2018-04-10,2.611,2.7510000000000003,2.824,2.8710000000000004
2018-04-11,2.614,2.741,2.807,2.8510000000000004
2018-04-12,2.6510000000000002,2.7880000000000003,2.853,2.8960000000000004
2018-04-13,2.6719999999999997,2.804,2.864,2.904
2018-04-16,2.6910000000000003,2.819,2.8739999999999997,2.911
2018-04-17,2.6889999999999996,2.815,2.865,2.895
2018-04-18,2.7060000000000004,2.8289999999999997,2.8689999999999998,2.888
2018-04-19,2.719,2.87,2.932,2.964
2018-04-20,2.734,2.8989999999999996,2.972,3.002
2018-04-23,2.747,2.928,3.0060000000000002,3.0260000000000002
2018-04-24,2.76,2.943,3.0239999999999996,3.045
2018-04-25,2.759,2.951,3.045,3.07
2018-04-26,2.7489999999999997,2.935,3.028,3.0610000000000004
2018-04-27,2.7289999999999996,2.905,2.986,3.0180000000000002
2018-04-30,2.75,2.9139999999999997,2.9819999999999998,3.0039999999999996
2018-05-01,2.759,2.929,3.002,3.0260000000000002
2018-05-02,2.773,2.9339999999999997,2.9960000000000004,3.015
2018-05-03,2.74,2.8930000000000002,2.964,2.992
2018-05-04,2.7560000000000002,2.906,2.977,3.0060000000000002
2018-05-07,2.7680000000000002,2.918,2.988,3.017
2018-05-08,2.773,2.938,3.014,3.036
2018-05-09,2.7769999999999997,2.947,3.0239999999999996,3.0439999999999996
2018-05-10,2.772,2.937,3.011,3.033
2018-05-11,2.765,2.937,3.014,3.029
2018-05-14,2.748,2.931,3.016,3.034
2018-05-15,2.782,2.9810000000000003,3.085,3.1060000000000003
2018-05-16,2.81,3.02,3.12,3.134
2018-05-17,2.819,3.034,3.137,3.1510000000000002
2018-05-18,2.782,2.989,3.102,3.1289999999999996
2018-05-21,2.806,3.003,3.1060000000000003,3.127
2018-05-22,2.804,3.0010000000000003,3.1039999999999996,3.125
2018-05-23,2.778,2.955,3.0439999999999996,3.065
2018-05-24,2.722,2.8939999999999997,2.987,3.013
2018-05-25,2.714,2.8760000000000003,2.969,2.9930000000000003
2018-05-29,2.656,2.806,2.898,2.9360000000000004
2018-05-30,2.627,2.77,2.875,2.9160000000000004
2018-05-31,2.679,2.8089999999999997,2.884,2.904
2018-06-01,2.728,2.8680000000000003,2.943,2.9619999999999997
2018-06-04,2.759,2.903,2.9760000000000004,2.992
2018-06-05,2.763,2.904,2.9810000000000003,2.995
2018-06-06,2.782,2.9389999999999996,3.022,3.04
2018-06-07,2.7960000000000003,2.946,3.0239999999999996,3.034
2018-06-08,2.7739999999999996,2.912,2.991,3.01
2018-06-11,2.7969999999999997,2.9389999999999996,3.0180000000000002,3.031
2018-06-12,2.802,2.949,3.0239999999999996,3.04
2018-06-13,2.8169999999999997,2.9560000000000004,3.022,3.03
2018-06-14,2.8339999999999996,2.958,3.011,3.012
2018-06-15,2.818,2.926,2.967,2.97
2018-06-18,2.8169999999999997,2.9339999999999997,2.98,2.984
2018-06-19,2.802,2.908,2.957,2.9610000000000003
2018-06-20,2.8080000000000003,2.918,2.967,2.971
2018-06-21,2.813,2.92,2.97,2.975
2018-06-22,2.806,2.9139999999999997,2.968,2.975
2018-06-25,2.792,2.89,2.9389999999999996,2.945
2018-06-26,2.7910000000000004,2.888,2.9410000000000003,2.9539999999999997
2018-06-27,2.7760000000000002,2.877,2.927,2.935
2018-06-28,2.781,2.87,2.9139999999999997,2.9210000000000003
2018-06-29,2.792,2.886,2.92,2.917
2018-07-02,2.8,2.8930000000000002,2.932,2.932
2018-07-03,2.7939999999999996,2.8819999999999997,2.917,2.9130000000000003
2018-07-05,2.801,2.88,2.908,2.8989999999999996
2018-07-06,2.8,2.8789999999999996,2.903,2.885
2018-07-09,2.813,2.8960000000000004,2.931,2.923
2018-07-10,2.819,2.904,2.943,2.9410000000000003
2018-07-11,2.825,2.9,2.931,2.926
2018-07-12,2.823,2.89,2.9210000000000003,2.92
2018-07-13,2.8089999999999997,2.8739999999999997,2.9010000000000002,2.9010000000000002
2018-07-16,2.8310000000000004,2.905,2.937,2.94
2018-07-17,2.833,2.8989999999999996,2.926,2.926
2018-07-18,2.833,2.9,2.93,2.931
2018-07-19,2.835,2.9,2.926,2.927
2018-07-20,2.827,2.905,2.952,2.966
2018-07-23,2.839,2.94,2.995,3.0060000000000002
2018-07-24,2.855,2.9619999999999997,3.013,3.014
2018-07-25,2.8480000000000003,2.948,2.99,2.992
2018-07-26,2.864,2.966,3.011,3.014
2018-07-27,2.8789999999999996,2.97,3.0210000000000004,3.031
2018-07-30,2.885,2.985,3.04,3.053
2018-07-31,2.8810000000000002,2.977,3.031,3.0380000000000003
2018-08-01,2.898,3.011,3.071,3.0810000000000004
2018-08-02,2.885,2.995,3.06,3.0780000000000003
2018-08-03,2.8680000000000003,2.965,3.028,3.051
2018-08-06,2.86,2.947,3.003,3.028
2018-08-07,2.875,2.97,3.0260000000000002,3.051
2018-08-08,2.8689999999999998,2.965,3.0239999999999996,3.049
2018-08-09,2.85,2.9360000000000004,2.992,3.0180000000000002
2018-08-10,2.804,2.884,2.9389999999999996,2.969
2018-08-13,2.8080000000000003,2.883,2.938,2.969
2018-08-14,2.821,2.8989999999999996,2.9560000000000004,2.989
2018-08-15,2.785,2.8489999999999998,2.905,2.943
2018-08-16,2.819,2.888,2.943,2.97
2018-08-17,2.8089999999999997,2.8760000000000003,2.926,2.95
2018-08-20,2.7960000000000003,2.8560000000000003,2.903,2.926
2018-08-21,2.801,2.865,2.915,2.9410000000000003
2018-08-22,2.7939999999999996,2.853,2.904,2.929
2018-08-23,2.7939999999999996,2.8480000000000003,2.8989999999999996,2.928
2018-08-24,2.81,2.859,2.9,2.924
2018-08-27,2.823,2.873,2.9160000000000004,2.938
2018-08-28,2.839,2.8989999999999996,2.951,2.9760000000000004
2018-08-29,2.852,2.915,2.964,2.985
2018-08-30,2.847,2.9010000000000002,2.944,2.965
2018-08-31,2.8280000000000003,2.8739999999999997,2.9160000000000004,2.94
2018-09-04,2.844,2.905,2.965,2.9989999999999997
2018-09-05,2.84,2.904,2.966,3.005
2018-09-06,2.83,2.883,2.944,2.985
2018-09-07,2.888,2.951,3.0039999999999996,3.032
2018-09-10,2.8960000000000004,2.9530000000000003,2.998,3.023
2018-09-11,2.9219999999999997,2.986,3.0260000000000002,3.0410000000000004
2018-09-12,2.92,2.9810000000000003,3.023,3.0389999999999997
2018-09-13,2.929,2.988,3.025,3.034
2018-09-14,2.9539999999999997,3.0239999999999996,3.06,3.069
2018-09-17,2.95,3.0180000000000002,3.055,3.063
2018-09-18,2.9530000000000003,3.0380000000000003,3.089,3.1039999999999996
2018-09-19,2.975,3.0789999999999997,3.1439999999999997,3.161
2018-09-20,2.986,3.0789999999999997,3.134,3.148
2018-09-21,2.986,3.077,3.1289999999999996,3.1430000000000002
2018-09-24,2.9789999999999996,3.074,3.125,3.133
2018-09-25,3.009,3.112,3.162,3.1689999999999996
2018-09-26,3.003,3.096,3.145,3.155
2018-09-27,3.0010000000000003,3.083,3.1260000000000003,3.134
2018-09-28,2.983,3.062,3.11,3.1210000000000004
2018-10-01,2.988,3.071,3.1239999999999997,3.138
2018-10-02,2.9789999999999996,3.053,3.103,3.122
2018-10-03,3.008,3.095,3.1489999999999996,3.17
2018-10-04,3.05,3.165,3.242,3.266
2018-10-05,3.0660000000000003,3.187,3.262,3.279
2018-10-09,3.068,3.18,3.2560000000000002,3.278
2018-10-10,3.071,3.1910000000000003,3.27,3.292
2018-10-11,3.049,3.1430000000000002,3.213,3.241
2018-10-12,3.0460000000000003,3.142,3.21,3.237
2018-10-15,3.049,3.133,3.199,3.23
2018-10-16,3.065,3.159,3.227,3.259
2018-10-17,3.057,3.1489999999999996,3.215,3.245
2018-10-18,3.1180000000000003,3.207,3.27,3.2969999999999997
2018-10-19,3.1060000000000003,3.1910000000000003,3.261,3.2939999999999996
2018-10-22,3.1069999999999998,3.1910000000000003,3.258,3.293
2018-10-23,3.054,3.116,3.188,3.233
2018-10-24,3.057,3.114,3.1910000000000003,3.241
2018-10-25,3.069,3.123,3.196,3.2460000000000004
2018-10-26,2.989,3.031,3.114,3.178
2018-10-29,3.0439999999999996,3.0989999999999998,3.1830000000000003,3.2460000000000004
2018-10-30,3.036,3.088,3.168,3.237
2018-10-31,3.075,3.1310000000000002,3.2089999999999996,3.265
2018-11-01,3.077,3.134,3.217,3.278
2018-11-02,3.0980000000000003,3.161,3.248,3.307
2018-11-05,3.103,3.1660000000000004,3.258,3.321
2018-11-06,3.108,3.174,3.261,3.313
2018-11-07,3.1210000000000004,3.177,3.2510000000000003,3.299
2018-11-08,3.135,3.195,3.2760000000000002,3.325
2018-11-09,3.122,3.173,3.247,3.2939999999999996
2018-11-13,3.091,3.136,3.214,3.2710000000000004
2018-11-14,3.08,3.122,3.214,3.283
2018-11-15,3.031,3.06,3.154,3.2319999999999998
2018-11-16,3.023,3.052,3.155,3.2439999999999998
2018-11-19,2.983,3.016,3.1239999999999997,3.21
2018-11-20,2.987,3.02,3.123,3.2030000000000003
2018-11-21,3.01,3.045,3.141,3.218
2018-11-23,2.99,3.014,3.103,3.181
2018-11-26,3.0180000000000002,3.0439999999999996,3.135,3.214
2018-11-27,3.015,3.033,3.1180000000000003,3.1919999999999997
2018-11-28,3.015,3.031,3.111,3.1889999999999996
2018-11-29,2.966,2.969,3.057,3.153
2018-11-30,2.9789999999999996,2.978,3.057,3.1510000000000002
2018-12-03,2.995,2.983,3.0580000000000003,3.15
2018-12-04,2.9939999999999998,2.96,3.014,3.0869999999999997
2018-12-06,2.87,2.824,2.8989999999999996,2.9939999999999998
2018-12-07,2.911,2.87,2.9539999999999997,3.0469999999999997
2018-12-10,2.846,2.795,2.878,2.969
2018-12-11,2.873,2.818,2.8930000000000002,2.968
2018-12-12,2.906,2.865,2.9389999999999996,3.005
2018-12-13,2.9010000000000002,2.859,2.9410000000000003,3.015
2018-12-14,2.883,2.838,2.928,3.0060000000000002
2018-12-17,2.863,2.8139999999999996,2.903,2.983
2018-12-18,2.805,2.764,2.865,2.952
2018-12-19,2.793,2.74,2.8339999999999996,2.908
2018-12-20,2.818,2.7310000000000003,2.8080000000000003,2.878
2018-12-21,2.8169999999999997,2.7569999999999997,2.841,2.92
2018-12-26,2.6889999999999996,2.639,2.752,2.844
2018-12-27,2.694,2.6519999999999997,2.761,2.847
2018-12-28,2.677,2.635,2.766,2.8760000000000003
2019-01-02,2.675,2.577,2.702,2.833
2019-01-03,2.5789999999999997,2.457,2.597,2.74
2019-01-04,2.647,2.5540000000000003,2.694,2.825
2019-01-07,2.653,2.5660000000000003,2.6860000000000004,2.795
2019-01-08,2.697,2.615,2.728,2.8289999999999997
2019-01-09,2.7110000000000003,2.6310000000000002,2.7430000000000003,2.843
2019-01-10,2.7,2.623,2.741,2.8489999999999998
2019-01-11,2.6910000000000003,2.603,2.717,2.84
2019-01-14,2.698,2.616,2.728,2.852
2019-01-15,2.695,2.617,2.739,2.8689999999999998
2019-01-16,2.718,2.6439999999999997,2.758,2.8689999999999998
2019-01-17,2.7239999999999998,2.6519999999999997,2.767,2.8739999999999997
2019-01-18,2.767,2.707,2.8160000000000003,2.9160000000000004
2019-01-22,2.742,2.674,2.786,2.895
2019-01-23,2.74,2.668,2.782,2.887
2019-01-24,2.719,2.633,2.748,2.863
2019-01-25,2.739,2.6689999999999996,2.783,2.89
2019-01-28,2.734,2.662,2.7710000000000004,2.8789999999999996
2019-01-29,2.7089999999999996,2.634,2.75,2.8680000000000003
2019-01-30,2.722,2.645,2.7569999999999997,2.8710000000000004
2019-01-31,2.627,2.55,2.674,2.8080000000000003
2019-02-01,2.655,2.59,2.71,2.838
2019-02-04,2.676,2.627,2.7539999999999996,2.8760000000000003
2019-02-05,2.6710000000000003,2.603,2.722,2.842
2019-02-06,2.6660000000000004,2.591,2.715,2.84
2019-02-07,2.6289999999999996,2.559,2.6860000000000004,2.82
2019-02-08,2.605,2.528,2.655,2.79
2019-02-11,2.6239999999999997,2.555,2.679,2.8080000000000003
2019-02-12,2.639,2.5789999999999997,2.707,2.839
2019-02-13,2.6630000000000003,2.6010000000000004,2.7260000000000004,2.8539999999999996
2019-02-14,2.637,2.5610000000000004,2.687,2.821
2019-02-15,2.653,2.583,2.702,2.8310000000000004
2019-02-19,2.615,2.54,2.661,2.799
2019-02-20,2.612,2.546,2.676,2.821
2019-02-21,2.6289999999999996,2.575,2.705,2.8510000000000004
2019-02-22,2.6069999999999998,2.542,2.6719999999999997,2.818
2019-02-25,2.603,2.544,2.685,2.843
2019-02-26,2.5780000000000003,2.512,2.6510000000000002,2.806
2019-02-27,2.585,2.5340000000000003,2.687,2.844
2019-02-28,2.6189999999999998,2.577,2.727,2.886
2019-03-01,2.63,2.588,2.7439999999999998,2.905
2019-03-04,2.64,2.594,2.742,2.9
2019-03-05,2.655,2.6010000000000004,2.745,2.904
2019-03-06,2.633,2.57,2.717,2.884
2019-03-07,2.602,2.524,2.67,2.838
2019-03-08,2.589,2.51,2.66,2.835
2019-03-11,2.6010000000000004,2.516,2.661,2.835
2019-03-12,2.5810000000000004,2.498,2.6430000000000002,2.815
2019-03-13,2.5780000000000003,2.489,2.6260000000000003,2.7960000000000003
2019-03-14,2.573,2.491,2.634,2.81
2019-03-15,2.556,2.464,2.608,2.793
2019-03-18,2.569,2.478,2.6189999999999998,2.795
2019-03-19,2.568,2.477,2.622,2.802
2019-03-20,2.556,2.4530000000000003,2.588,2.763
2019-03-21,2.499,2.388,2.5269999999999997,2.7239999999999998
2019-03-22,2.417,2.291,2.421,2.6189999999999998
2019-03-25,2.367,2.253,2.403,2.612
2019-03-26,2.366,2.254,2.4,2.605
2019-03-27,2.29,2.1719999999999997,2.3169999999999997,2.532
2019-03-28,2.339,2.233,2.375,2.571
2019-03-29,2.387,2.285,2.416,2.594
2019-04-01,2.436,2.35,2.483,2.653
2019-04-02,2.423,2.331,2.471,2.64
2019-04-03,2.444,2.36,2.499,2.675
2019-04-04,2.45,2.36,2.499,2.676
2019-04-05,2.4459999999999997,2.349,2.481,2.659
2019-04-08,2.447,2.353,2.489,2.6689999999999996
2019-04-09,2.439,2.344,2.484,2.6630000000000003
2019-04-10,2.421,2.315,2.459,2.65
2019-04-11,2.443,2.3409999999999997,2.4819999999999998,2.673
2019-04-12,2.487,2.394,2.531,2.714
2019-04-15,2.497,2.41,2.545,2.728
2019-04-16,2.503,2.4290000000000003,2.57,2.7510000000000003
2019-04-17,2.505,2.439,2.5860000000000003,2.7689999999999997
2019-04-18,2.479,2.4090000000000003,2.551,2.74
2019-04-22,2.479,2.418,2.5669999999999997,2.7560000000000002
2019-04-23,2.448,2.3890000000000002,2.548,2.741
2019-04-24,2.4130000000000003,2.346,2.504,2.7039999999999997
2019-04-25,2.414,2.351,2.513,2.714
2019-04-26,2.387,2.3209999999999997,2.484,2.685
2019-04-29,2.4,2.3409999999999997,2.51,2.713
2019-04-30,2.385,2.327,2.496,2.7060000000000004
2019-05-01,2.374,2.309,2.469,2.6689999999999996
2019-05-02,2.447,2.383,2.532,2.715
2019-05-03,2.434,2.366,2.511,2.6889999999999996
2019-05-06,2.406,2.329,2.469,2.6519999999999997
2019-05-07,2.387,2.307,2.449,2.634
2019-05-08,2.374,2.291,2.432,2.609
2019-05-09,2.342,2.267,2.415,2.6010000000000004
2019-05-10,2.332,2.259,2.41,2.594
2019-05-13,2.266,2.208,2.371,2.5660000000000003
2019-05-14,2.274,2.218,2.381,2.573
2019-05-15,2.247,2.177,2.342,2.543
2019-05-16,2.274,2.207,2.365,2.5639999999999996
2019-05-17,2.28,2.2030000000000003,2.3609999999999998,2.559
2019-05-20,2.272,2.2,2.355,2.549
2019-05-21,2.315,2.2430000000000003,2.3930000000000002,2.5789999999999997
2019-05-22,2.285,2.202,2.347,2.5380000000000003
2019-05-23,2.222,2.133,2.285,2.484
2019-05-24,2.19,2.11,2.2640000000000002,2.4659999999999997
2019-05-28,2.1719999999999997,2.08,2.233,2.436
2019-05-29,2.116,2.02,2.177,2.3819999999999997
2019-05-30,2.154,2.072,2.2230000000000003,2.423
2019-05-31,2.036,1.962,2.124,2.327
2019-06-03,1.962,1.911,2.0869999999999997,2.299
2019-06-04,1.9669999999999999,1.921,2.108,2.323
2019-06-06,1.893,1.869,2.076,2.3080000000000003
2019-06-07,1.879,1.844,2.0469999999999997,2.291
2019-06-10,1.953,1.923,2.12,2.3569999999999998
2019-06-11,1.9869999999999999,1.943,2.127,2.35
2019-06-12,1.92,1.875,2.08,2.326
2019-06-13,1.902,1.858,2.061,2.305
2019-06-14,1.87,1.829,2.029,2.274
2019-06-17,1.8880000000000001,1.831,2.022,2.26
2019-06-18,1.867,1.798,1.979,2.209
2019-06-19,1.9269999999999998,1.8630000000000002,2.041,2.262
2019-06-20,1.7280000000000002,1.6969999999999998,1.913,2.18
2019-06-21,1.819,1.7930000000000001,2.004,2.247
2019-06-24,1.739,1.725,1.945,2.198
2019-06-25,1.714,1.6869999999999998,1.909,2.174
2019-06-26,1.778,1.743,1.9569999999999999,2.2119999999999997
2019-06-27,1.7890000000000001,1.7590000000000001,1.9680000000000002,2.218
2019-06-28,1.797,1.758,1.9580000000000002,2.208
2019-07-01,1.8219999999999998,1.771,1.969,2.22
2019-07-02,1.818,1.757,1.955,2.207
2019-07-03,1.7930000000000001,1.714,1.8980000000000001,2.1519999999999997
2019-07-09,1.92,1.834,1.9969999999999999,2.224
2019-07-11,1.889,1.85,2.039,2.278
2019-07-12,1.886,1.8630000000000002,2.068,2.313
2019-07-15,1.871,1.84,2.0380000000000003,2.279
2019-07-16,1.8969999999999998,1.87,2.063,2.296
2019-07-17,1.874,1.83,2.012,2.246
2019-07-18,1.851,1.805,1.996,2.235
2019-07-19,1.8259999999999998,1.787,1.9769999999999999,2.221
2019-07-22,1.829,1.7790000000000001,1.966,2.204
2019-07-23,1.845,1.788,1.979,2.224
2019-07-24,1.844,1.791,1.976,2.219
2019-07-25,1.8780000000000001,1.818,1.9969999999999999,2.235
2019-07-26,1.8940000000000001,1.824,1.999,2.233
2019-07-29,1.8780000000000001,1.811,1.982,2.219
2019-07-30,1.885,1.8119999999999998,1.983,2.218
2019-07-31,1.8659999999999999,1.7930000000000001,1.955,2.188
2019-08-01,1.8659999999999999,1.745,1.882,2.108
2019-08-02,1.7369999999999999,1.619,1.757,2.005
2019-08-06,1.5930000000000002,1.482,1.632,1.8769999999999998
2019-08-08,1.6019999999999999,1.49,1.631,1.864
2019-08-09,1.598,1.4709999999999999,1.588,1.797
2019-08-12,1.577,1.436,1.551,1.765
2019-08-16,1.531,1.405,1.4709999999999999,1.625
2019-08-19,1.5430000000000001,1.4180000000000001,1.505,1.675
2019-08-20,1.5190000000000001,1.374,1.456,1.6440000000000001
2019-08-21,1.545,1.405,1.4769999999999999,1.6540000000000001
2019-08-27,1.516,1.335,1.41,1.591
2019-08-28,1.4969999999999999,1.311,1.374,1.5390000000000001
2019-09-04,1.444,1.264,1.357,1.5430000000000001
2019-09-05,1.538,1.379,1.479,1.6740000000000002
2019-09-06,1.5290000000000001,1.3619999999999999,1.444,1.618
2019-09-09,1.59,1.4340000000000002,1.528,1.7080000000000002
2019-09-10,1.617,1.4680000000000002,1.557,1.726
2019-09-11,1.651,1.516,1.608,1.785
2019-09-13,1.776,1.663,1.757,1.931
2019-09-16,1.76,1.645,1.7369999999999999,1.9080000000000001
2019-09-17,1.745,1.63,1.7169999999999999,1.8769999999999998
2019-09-18,1.6880000000000002,1.567,1.646,1.804
2019-09-19,1.72,1.5959999999999999,1.6669999999999998,1.807
2019-09-20,1.725,1.5859999999999999,1.65,1.787
2019-09-23,1.631,1.4880000000000002,1.5490000000000002,1.695
2019-09-27,1.6569999999999998,1.524,1.587,1.7280000000000002
2019-09-30,1.643,1.518,1.5859999999999999,1.739
2019-10-04,1.436,1.318,1.4240000000000002,1.614
2019-10-07,1.465,1.349,1.45,1.632
2019-10-08,1.4569999999999999,1.3359999999999999,1.436,1.621
2019-10-10,1.557,1.454,1.568,1.757
2019-10-11,1.656,1.5619999999999998,1.666,1.837
2019-10-15,1.66,1.5759999999999998,1.6769999999999998,1.847
2019-10-16,1.64,1.568,1.681,1.86
2019-10-17,1.6340000000000001,1.5619999999999998,1.6740000000000002,1.859
2019-10-18,1.6159999999999999,1.5519999999999998,1.671,1.861
2019-10-21,1.624,1.578,1.7169999999999999,1.911
2019-10-22,1.6269999999999998,1.5819999999999999,1.7080000000000002,1.895
2019-10-23,1.609,1.558,1.675,1.859
2019-10-24,1.59,1.538,1.6580000000000001,1.848
2019-10-25,1.624,1.571,1.69,1.8769999999999998
2019-10-28,1.6840000000000002,1.643,1.768,1.954
2019-10-30,1.65,1.605,1.723,1.909
2019-11-04,1.64,1.578,1.705,1.8969999999999998
2019-11-05,1.68,1.651,1.787,1.974
2019-11-06,1.653,1.621,1.7469999999999999,1.925
2019-11-08,1.7,1.695,1.824,2.004
2019-11-12,1.705,1.709,1.8419999999999999,2.022
2019-11-13,1.666,1.6469999999999998,1.7730000000000001,1.9509999999999998
2019-11-14,1.626,1.595,1.725,1.909
2019-11-15,1.633,1.599,1.726,1.909
2019-11-18,1.601,1.571,1.696,1.883
2019-11-20,1.564,1.5219999999999998,1.6369999999999998,1.818
2019-11-21,1.574,1.5330000000000001,1.651,1.837
2019-11-22,1.59,1.5430000000000001,1.655,1.8359999999999999
2019-11-25,1.61,1.554,1.665,1.84
2019-11-26,1.59,1.5330000000000001,1.643,1.817
2019-11-27,1.621,1.5719999999999998,1.68,1.849
2019-12-03,1.538,1.492,1.6230000000000002,1.814
2019-12-05,1.6130000000000002,1.6030000000000002,1.732,1.916
2019-12-06,1.63,1.629,1.7590000000000001,1.9369999999999998
2019-12-09,1.633,1.6269999999999998,1.751,1.929
2019-12-10,1.6569999999999998,1.652,1.765,1.935
2019-12-11,1.653,1.6380000000000001,1.743,1.9140000000000001
2019-12-12,1.676,1.686,1.818,2.003
2019-12-13,1.639,1.641,1.771,1.954
2019-12-16,1.6840000000000002,1.69,1.815,1.9909999999999999
2020-01-06,1.609,1.6,1.74,1.923
2020-01-07,1.609,1.601,1.7480000000000002,1.94
2020-01-09,1.662,1.6840000000000002,1.84,2.037
2020-02-04,1.4780000000000002,1.425,1.554,1.749
2020-02-06,1.514,1.48,1.614,1.807
2020-02-07,1.473,1.4280000000000002,1.5530000000000002,1.743
2020-02-10,1.4240000000000002,1.379,1.507,1.6980000000000002
2020-02-11,1.45,1.409,1.536,1.729
2020-02-12,1.48,1.449,1.5830000000000002,1.768
2020-02-13,1.47,1.4369999999999998,1.567,1.754
2020-02-18,1.4240000000000002,1.374,1.4880000000000002,1.6640000000000001
2020-02-19,1.445,1.395,1.507,1.6780000000000002
2020-02-20,1.4240000000000002,1.365,1.4669999999999999,1.6280000000000001
2020-02-21,1.351,1.284,1.379,1.527
2020-02-27,1.119,1.093,1.22,1.391
2020-05-26,0.271,0.38799999999999996,0.6920000000000001,0.972
2020-05-27,0.259,0.365,0.66,0.961
2020-05-28,0.265,0.38,0.68,0.98
2020-05-29,0.25,0.361,0.657,0.966
2020-06-01,0.253,0.366,0.672,0.9840000000000001
2020-06-02,0.24100000000000002,0.355,0.662,0.987
2020-06-03,0.27399999999999997,0.41600000000000004,0.75,1.072
2020-06-04,0.278,0.44299999999999995,0.8109999999999999,1.136
2020-06-05,0.299,0.517,0.915,1.261
2020-06-08,0.289,0.47700000000000004,0.857,1.187
2020-06-09,0.295,0.456,0.8009999999999999,1.092
2020-06-10,0.27399999999999997,0.41600000000000004,0.769,1.078
2020-06-11,0.255,0.355,0.662,0.9570000000000001
2020-06-12,0.265,0.366,0.6709999999999999,0.945
2020-06-15,0.259,0.369,0.674,0.937
2020-06-16,0.261,0.386,0.721,1.028
2020-06-17,0.258,0.376,0.7140000000000001,1.025
2020-06-18,0.254,0.363,0.6759999999999999,0.976
2020-06-19,0.254,0.369,0.6890000000000001,0.992
2020-06-22,0.244,0.35100000000000003,0.6579999999999999,0.9359999999999999
2020-06-23,0.252,0.369,0.7020000000000001,1.006
2020-06-24,0.254,0.37,0.688,0.976
2020-06-25,0.253,0.361,0.66,0.93
2020-06-26,0.243,0.345,0.634,0.897
2020-06-29,0.228,0.321,0.612,0.8809999999999999
2020-06-30,0.221,0.31,0.609,0.882
2020-07-01,0.22699999999999998,0.345,0.672,0.9620000000000001
2020-07-02,0.228,0.33399999999999996,0.65,0.94
2020-07-06,0.226,0.344,0.674,0.973
2020-07-07,0.217,0.327,0.643,0.9329999999999999
2020-07-08,0.222,0.327,0.636,0.9109999999999999
2020-07-09,0.21100000000000002,0.306,0.597,0.861
2020-07-10,0.21,0.316,0.593,0.825
2020-07-13,0.225,0.34299999999999997,0.636,0.887
2020-07-14,0.21899999999999997,0.312,0.5870000000000001,0.8240000000000001
2020-07-15,0.226,0.327,0.615,0.871
2020-07-16,0.217,0.309,0.5870000000000001,0.8340000000000001
2020-07-17,0.22,0.316,0.6,0.8540000000000001
2020-07-20,0.218,0.316,0.5920000000000001,0.847
2020-07-21,0.215,0.313,0.589,0.845
2020-07-22,0.209,0.299,0.5710000000000001,0.821
2020-07-23,0.20800000000000002,0.299,0.561,0.8029999999999999
2020-07-24,0.20600000000000002,0.299,0.5770000000000001,0.8220000000000001
2020-07-27,0.212,0.304,0.5760000000000001,0.815
2020-07-28,0.215,0.304,0.58,0.823
2020-07-29,0.209,0.29600000000000004,0.573,0.8190000000000001
2020-07-30,0.18899999999999997,0.273,0.54,0.7809999999999999
2020-07-31,0.188,0.27,0.541,0.7929999999999999
2020-08-03,0.185,0.264,0.54,0.794
2020-08-04,0.188,0.255,0.517,0.765
2020-08-05,0.19399999999999998,0.27,0.545,0.804
2020-08-06,0.19,0.251,0.513,0.7709999999999999
2020-08-07,0.205,0.282,0.56,0.8290000000000001
