,USSW10 Curncy,EUSA10 Curncy,JYSW10 Curncy,BPSW10 Curncy,ADSW10Q Curncy,CDSW10 Curncy,SKSW10 Curncy,SFSW10  Curncy,NKSW10 Curncy,NDSWAP10 Curncy
2020-05-25,0.66,-0.1417,0.034,,0.8153,0.933,0.3575,-0.375,0.72,0.6125
2020-05-26,0.6904,-0.105,0.03187,0.4335,0.83726,0.997,0.3857,-0.335,0.7575,0.6975
2020-05-27,0.6732,-0.109,0.03025,0.41065,0.83776,0.99,0.3897,-0.335,0.81,0.7125
2020-05-28,0.6855,-0.107,0.02925,0.42281,0.82927,1.012,0.385,-0.335,0.8,0.72
2020-05-29,0.6506,-0.131,0.03999,0.397,0.82977,1.001,0.3689,-0.35,0.795,0.7325
2020-06-01,0.6531,-0.101,0.04624,0.43345,0.83501,1.002,0.3975,-0.3125,0.795,0.745
2020-06-02,0.6756,-0.092,0.05187,0.42772,0.84,1.014,0.388,-0.3175,0.8,0.75
2020-06-03,0.7375,-0.0595,0.05375,0.46094,0.89937,1.093,0.4346,-0.2725,0.84,0.835
2020-06-04,0.8174,-0.033,0.06749,0.49971,0.9515,1.1502,0.458,-0.2525,0.863,0.85
2020-06-05,0.8814,-0.011,0.08563,0.527,1.02382,1.187,0.4746,-0.205,0.95,0.865
2020-06-08,0.8594,-0.045,0.09063,0.5225,,1.142,0.4839,-0.225,0.965,0.8925
2020-06-09,0.8135,-0.0242,0.05813,0.5282,0.97095,1.1135,0.465,-0.2151,0.95,0.8625
2020-06-10,0.7277,-0.0439,0.06249,0.4568,0.94102,1.046,0.4912,-0.2225,0.967,0.7975
2020-06-11,0.6636,-0.108,0.043,0.40005,0.8587,1.0093,0.4032,-0.295,0.86,0.7875
2020-06-12,0.6965,-0.1217,0.04312,0.409,0.85521,1.019,0.3838,-0.3,0.855,0.7625
2020-06-15,0.7119,-0.1322,0.03499,0.4145,0.82302,0.993,0.3649,-0.3025,0.82,0.765
2020-06-16,0.7362,-0.119,0.04925,0.4072,0.87342,1.03,0.3763,-0.2825,0.855,0.7825
2020-06-17,0.7116,-0.1168,0.05675,0.3895,0.87642,1.0102,0.3813,-0.2875,0.875,0.7725
2020-06-18,0.6846,-0.144,0.05937,0.3997,0.82726,1.0012,0.367,-0.295,0.9,0.73
2020-06-19,0.6755,-0.147,0.05687,0.404,0.81604,1.0087,0.3614,-0.2925,0.93,0.7375
2020-06-22,0.694,-0.164,0.05625,0.38689,0.81628,1.0127,0.3428,-0.295,0.903,0.72
2020-06-23,0.7015,-0.143,0.05494,0.398,0.85097,1.027,0.3609,-0.2625,0.94,0.765
2020-06-24,0.6693,-0.159,0.05625,0.3904,0.85996,1.025,0.3506,-0.2725,0.96,0.7575
2020-06-25,0.676,-0.1677,0.05313,0.3555,0.81455,1.0059,0.3238,-0.2975,0.909,0.735
2020-06-26,0.6272,-0.1881,0.05,0.361,0.80357,0.992,0.2987,-0.305,0.923,0.7675
2020-06-29,0.6092,-0.1802,0.05225,0.347,0.82802,1.003,0.3047,-0.3025,0.925,0.735
2020-06-30,0.639,-0.175,0.06938,0.3665,0.8123,1.0197,0.3194,-0.305,0.9,0.735
2020-07-01,0.6561,-0.1361,0.07875,0.39096,0.85796,,0.3297,-0.2625,0.98,0.7675
2020-07-02,0.649,-0.1636,0.07325,0.3835,0.84398,1.0464,0.3181,-0.29,0.967,0.77
2020-07-03,0.649,-0.1589,0.06,0.3835,0.81104,1.0503,0.3219,-0.28,0.955,0.7625
2020-07-06,0.6502,-0.1604,0.06675,0.40023,0.83001,1.036,0.3211,-0.28,0.96,0.7925
2020-07-07,0.6106,-0.1585,0.06125,0.37262,0.78659,0.996,0.33,-0.27,0.95,0.77
2020-07-08,0.6375,-0.166,0.04312,0.37973,0.77486,1.046,0.3189,-0.2875,0.905,0.7625
2020-07-09,0.595,-0.1851,0.04325,0.3583,0.78109,0.974,0.305,-0.32,0.9,0.765
2020-07-10,0.6322,-0.188,0.03175,0.3495,0.73018,0.9848,0.2928,-0.34,0.87,0.74
2020-07-13,0.6015,-0.154,0.0525,0.3645,0.77884,0.9775,0.3292,-0.2775,0.93,0.765
2020-07-14,0.6039,-0.18,0.04937,0.34498,0.79956,0.994,0.312,-0.295,0.918,0.73
2020-07-15,0.6111,-0.185,0.04225,0.34644,0.78284,1.0046,0.3093,-0.305,0.933,0.73
2020-07-16,0.6,-0.196,0.03075,0.32507,0.78409,0.9722,0.295,-0.3275,0.92,0.7275
2020-07-17,0.615,-0.178,0.02999,0.345,0.77485,0.9962,0.3079,-0.3025,0.927,0.695
2020-07-20,0.5899,-0.1965,0.03813,0.332,0.7741,0.983,0.2952,-0.2925,0.912,0.6925
2020-07-21,0.5874,-0.205,0.02725,0.32006,0.74789,0.98,0.295,-0.31,0.903,0.6925
2020-07-22,0.5825,-0.2241,0.02937,0.30334,0.75962,0.977,0.2733,-0.35,0.86,0.695
2020-07-23,0.5689,-0.214,,0.31295,0.75137,0.977,0.2787,-0.3475,0.86,0.69
2020-07-24,0.5822,-0.191,,0.3312,0.75861,0.9728,0.3014,-0.325,0.88,0.69
2020-07-27,0.6066,-0.22,0.03312,0.302,0.7636,0.987,0.287,-0.35,0.835,0.6975
2020-07-28,0.5745,-0.239,0.03063,0.30411,0.7903,0.9455,0.272,-0.3675,0.825,0.6875
2020-07-29,0.568,-0.2189,0.02688,0.3119,0.75486,0.949,0.2953,-0.354,0.835,0.675
2020-07-30,0.5409,-0.255,0.02375,0.28523,0.74139,0.915,0.28,-0.38,0.813,0.6625
2020-07-31,0.5214,-0.229,0.01499,0.30225,0.72791,0.9323,0.3125,-0.369,0.845,0.625
2020-08-03,0.5483,-0.231,0.02925,0.29545,,,0.3147,-0.3325,0.85,0.64
2020-08-04,0.506,-0.263,0.01998,0.2651,0.71244,0.907,0.2745,-0.3375,0.8,0.6275
2020-08-05,0.5445,-0.221,0.02075,0.3171,0.69646,0.9741,0.304,-0.3,0.835,0.655
2020-08-06,0.5376,-0.24,0.02562,0.29358,0.71767,0.937,0.2851,-0.329,0.82,0.6375
2020-08-07,0.577,-0.222,0.02313,0.3243,0.70021,0.95,0.2878,-0.3225,0.832,0.645
2020-08-10,0.5943,-0.245,,0.31114,0.73315,0.9675,0.2719,-0.3525,0.855,0.655
2020-08-11,0.6445,-0.202,0.04275,0.37708,0.74962,1.0404,0.3135,-0.3,0.935,0.66
2020-08-12,0.6703,-0.1882,0.05813,0.39665,0.80551,1.067,0.345,-0.2725,0.96,0.64
2020-08-13,0.7,-0.15,0.04875,0.4088,0.76983,1.096,0.3758,-0.2275,1.02,0.6
2020-08-14,0.7072,-0.157,0.05813,0.409,0.79951,1.0805,0.3708,-0.25,1.003,0.6125
2020-08-17,0.6775,-0.185,0.06063,0.38185,0.78479,1.0509,0.3556,-0.2575,1.0,0.6
2020-08-18,0.6539,-0.197,0.05062,0.381,0.76658,1.025,0.3563,-0.265,0.995,0.6
2020-08-19,0.6639,-0.202,0.0425,0.394,0.76034,1.0433,0.339,-0.2775,0.99,0.5625
2020-08-20,0.6439,-0.22,0.04812,0.38327,0.74362,1.025,0.307,-0.31,0.935,0.5275
2020-08-21,0.6298,-0.2248,0.04775,0.36165,0.75708,1.003,0.2979,-0.3175,0.94,0.5075
2020-08-24,0.6455,-0.2175,0.04575,0.3685,0.75534,1.0242,0.298,-0.295,0.945,0.495
2020-08-25,0.6803,-0.175,0.05425,0.415,0.81248,1.051,0.3462,-0.2425,1.012,0.545
2020-08-26,0.6915,-0.16,0.06628,0.45236,0.82345,1.075,0.369,-0.245,1.035,0.5775
2020-08-27,0.753,-0.136,0.05475,0.47876,0.83518,1.1315,0.3783,-0.2275,1.053,0.6
2020-08-28,0.7286,-0.139,0.07313,0.45345,0.85439,1.1022,0.388,-0.235,1.058,0.6325
2020-08-31,0.7097,-0.145,0.07175,,0.84391,1.092,0.4011,-0.225,1.075,0.6075
2020-09-01,0.6776,-0.1583,0.065,0.4429,0.8459,1.0465,0.385,-0.245,1.05,0.5875
2020-09-02,0.6645,-0.1993,0.05875,0.39305,0.80872,1.022,0.3337,-0.3025,0.98,0.575
2020-09-03,0.654,-0.216,0.05,0.3965,0.79374,1.018,0.3055,-0.324,0.935,0.575
2020-09-04,0.7245,-0.19,0.0475,0.42711,0.77927,1.073,0.321,-0.3126,0.935,0.5425
2020-09-07,0.7149,-0.1945,0.05313,0.41233,0.82592,,0.3255,-0.3025,0.957,0.5675
2020-09-08,0.6811,-0.22,0.045,0.37321,0.79099,1.049,0.2999,-0.3125,0.935,0.53
2020-09-09,0.7039,-0.186,0.03775,0.41575,0.79299,1.076,0.3331,-0.2775,0.95,0.535
2020-09-10,0.6851,-0.173,0.04062,0.4042,0.80771,1.049,0.35,-0.2675,0.98,0.5525
2020-09-11,0.6765,-0.211,0.03562,0.36585,0.80571,1.037,0.3175,-0.3075,0.968,0.53
2020-09-14,0.6795,-0.209,0.0275,0.3707,0.7678,1.0394,0.313,-0.3125,0.955,0.5175
2020-09-15,0.6882,-0.212,0.02562,0.3847,0.77155,1.033,0.313,-0.32,0.955,0.5375
2020-09-16,0.703,-0.2165,0.02563,0.3796,0.77455,1.047,0.308,-0.315,0.95,0.545
2020-09-17,0.6938,-0.2298,0.02875,0.345,0.76357,1.052,0.3019,-0.33,0.938,0.5375
2020-09-18,0.7025,-0.2205,0.0275,0.34795,0.79276,1.058,0.308,-0.3325,0.945,0.54
2020-09-21,0.675,-0.239,,0.33557,0.75034,1.0337,0.2825,-0.355,0.925,0.5025
2020-09-22,0.6817,-0.229,,0.36761,0.76182,1.034,0.3,-0.34,0.933,0.5075
2020-09-23,0.6873,-0.221,0.01687,0.3868,0.72863,1.037,0.31,-0.34,0.926,0.4725
2020-09-24,0.689,-0.223,0.01475,0.37816,0.73038,1.037,0.31,-0.34,0.898,0.4675
2020-09-25,0.6867,-0.238,0.02124,0.3586,0.70242,1.022,0.29,-0.353,0.885,0.4925
2020-09-28,0.6901,-0.233,0.02875,0.37063,0.70442,1.0438,0.295,-0.35,0.89,0.465
2020-09-29,0.6847,-0.246,0.02499,0.354,0.71016,1.034,0.29,-0.3575,0.8805,0.485
2020-09-30,0.7098,-0.229,0.03,0.39556,0.71615,1.054,0.3011,-0.3475,0.886,0.5125
2020-10-01,0.7054,-0.231,0.03749,0.407,0.77603,1.043,0.3125,-0.35,0.905,0.53
2020-10-02,0.7243,-0.236,0.03063,0.40897,0.71615,1.05,0.315,-0.3425,0.894,0.51
2020-10-05,0.7973,-0.221,0.04062,0.4414,0.75058,1.112,0.33,-0.335,0.925,0.545
2020-10-06,0.7621,-0.218,0.05425,0.43795,0.74235,1.057,0.3349,-0.3325,0.95,0.52
2020-10-07,0.8121,-0.211,0.05475,0.44912,0.72263,1.114,0.347,-0.325,0.96,0.5325
2020-10-08,0.8182,-0.2237,0.04563,0.4479,0.75682,1.113,0.3275,-0.335,0.945,0.51
2020-10-09,0.8091,-0.222,0.04875,0.4401,0.74485,1.123,0.321,-0.34,0.94,0.505
2020-10-12,0.7959,-0.234,0.04999,0.4329,0.75508,,0.32,-0.345,0.94,0.5
2020-10-13,0.7636,-0.252,0.05175,0.39988,0.73137,1.088,0.295,-0.3525,0.955,0.5
2020-10-14,0.7603,-0.27,0.04937,0.39225,0.72588,1.0918,0.275,-0.3601,0.925,0.505
2020-10-15,0.7701,-0.291,0.03874,0.35873,0.65151,1.0799,0.26,-0.385,0.895,0.455
2020-10-16,0.7791,-0.3,0.03563,0.3629,0.67248,1.0835,0.262,-0.3825,0.888,0.46
2020-10-19,0.8003,-0.298,0.04248,0.35348,0.70392,1.099,0.261,-0.3749,0.8975,0.4675
2020-10-20,0.8158,-0.265,0.03624,0.3704,0.69169,1.1175,0.2829,-0.36,0.924,0.4725
2020-10-21,0.8517,-0.257,0.04688,0.42522,0.72863,1.1245,0.296,-0.35,0.948,0.5
2020-10-22,0.8826,-0.242,0.04937,0.4553,0.74909,1.164,0.316,-0.3375,0.975,0.555
2020-10-23,0.8729,-0.246,0.06025,0.45299,0.75782,1.132,0.328,-0.3275,0.985,0.54
2020-10-26,0.8305,-0.2478,0.05498,0.4515,0.73087,1.1153,0.3283,-0.3275,0.975,0.51
2020-10-27,0.7965,-0.278,0.04563,0.41475,0.73162,1.089,0.305,-0.3525,0.945,0.5075
2020-10-28,0.8013,-0.2788,0.0425,0.39232,0.72364,1.088,0.293,-0.3626,0.94,0.48
2020-10-29,0.8465,-0.272,0.04688,0.41081,0.72089,1.121,0.288,-0.3701,0.95,0.5125
2020-10-30,0.895,-0.278,0.05625,0.4382,0.75508,1.158,0.2954,-0.3575,0.963,0.52
2020-11-02,0.8544,-0.269,0.06188,0.40391,0.73637,1.13,0.2935,-0.3426,0.975,0.535
2020-11-03,0.9034,-0.254,,0.46079,0.7738,1.1742,0.3193,-0.32,0.99,0.545
2020-11-04,0.7879,-0.27,0.04688,0.40091,0.72213,1.101,0.306,-0.3375,0.97,0.5175
2020-11-05,0.7905,-0.277,0.03123,0.41634,0.7124,1.0973,0.31,-0.3425,0.975,0.51
2020-11-06,0.84,-0.262,0.03562,0.45275,0.75456,1.132,0.312,-0.335,0.9775,0.5475
2020-11-09,0.9345,-0.192,0.03498,0.54385,0.82542,1.234,0.3772,-0.2726,1.07,0.6875
2020-11-10,0.9703,-0.176,0.06425,0.55885,0.87557,1.2571,0.408,-0.24,1.123,0.73
2020-11-11,0.9502,-0.1884,0.05749,0.56601,0.87757,,0.393,-0.2475,1.125,0.795
2020-11-12,0.8767,-0.2135,0.04938,0.50325,0.82244,1.2004,0.378,-0.2825,1.105,0.785
2020-11-13,0.8943,-0.222,0.04373,0.505,0.82369,1.2135,0.3709,-0.295,1.06,0.795
2020-11-16,0.9065,-0.222,0.045,0.51311,0.8661,1.236,0.368,-0.2875,1.07,0.835
2020-11-17,0.8565,-0.233,0.04437,0.4958,0.85861,1.191,0.366,-0.29,1.075,0.8525
2020-11-18,0.8716,-0.225,0.03687,0.51502,0.85861,1.199,0.366,-0.2875,1.085,0.84
2020-11-19,0.8317,-0.2422,0.035,0.49573,0.83841,1.1725,0.345,-0.2975,1.08,0.845
2020-11-20,0.8231,-0.256,0.02938,0.46899,0.82369,1.15,0.329,-0.3,1.082,0.8175
2020-11-23,0.8527,-0.2475,,0.49566,0.84689,1.186,0.326,-0.3,1.085,0.845
2020-11-24,0.8826,-0.234,0.03872,0.49987,0.89954,1.213,0.3375,-0.2925,1.11,0.915
2020-11-25,0.8845,-0.239,0.03875,0.492,0.88857,1.221,0.3337,-0.285,1.115,0.9125
2020-11-26,0.8672,-0.254,0.03975,0.4596,0.87386,1.2005,0.314,-0.29,1.11,0.915
2020-11-27,0.844,-0.258,0.04124,0.459,0.87386,1.1932,0.3193,-0.2925,1.11,0.9075
2020-11-30,0.8442,-0.251,0.04575,0.48312,0.86388,1.192,0.343,-0.295,1.113,0.8775
2020-12-01,0.9205,-0.2267,0.04312,0.5202,0.87188,1.253,0.381,-0.285,1.158,0.92
2020-12-02,0.9291,-0.226,0.04675,0.519,0.93176,1.276,0.387,-0.275,1.16,0.935
2020-12-03,0.901,-0.24,0.04937,0.4977,0.93874,1.2547,0.378,-0.28,1.148,0.9225
2020-12-04,0.9727,-0.235,0.04749,0.517,0.99111,1.305,0.3898,-0.265,1.16,0.92
2020-12-07,0.9291,-0.257,0.045,0.463,0.94896,1.2773,0.3622,-0.2775,1.1625,0.9525
2020-12-08,0.9275,-0.273,0.03825,0.43534,0.94721,1.256,0.336,-0.295,1.155,0.9075
2020-12-09,0.9415,-0.2735,0.04275,0.4381,0.96841,1.2729,0.3351,-0.295,1.183,0.92
2020-12-10,0.9072,-0.2775,0.03813,0.39572,0.94047,1.251,0.3418,-0.3025,1.2,0.92
2020-12-11,0.8926,-0.306,0.03375,0.3665,0.93673,1.229,0.3068,-0.33,1.165,0.9
2020-12-14,0.8978,-0.2965,0.03312,0.40888,0.929,1.233,0.3094,-0.3175,1.175,0.8975
2020-12-15,0.9117,-0.292,0.02999,0.449,0.95619,1.25,0.31,-0.3175,1.159,0.92
2020-12-16,0.9201,-0.264,0.03,0.45415,0.94746,1.257,0.338,-0.2875,1.195,0.945
2020-12-17,0.9353,-0.266,0.03063,0.47575,0.96667,1.2643,0.3454,-0.3,1.245,1.0
2020-12-18,0.9494,-0.263,0.03123,0.4458,0.96242,1.2764,0.3583,-0.2925,1.255,1.0025
2020-12-21,0.9374,-0.26,0.02872,0.41621,0.95993,1.262,0.361,-0.2851,1.253,1.0025
2020-12-22,0.9245,-0.2663,0.03,0.39684,0.92526,1.235,0.365,-0.285,1.27,0.995
2020-12-23,0.9513,-0.2418,0.0325,0.4782,0.95819,1.263,0.3868,-0.2551,1.303,0.99
2020-12-24,0.9359,-0.239,0.03937,0.4541,0.97963,1.2542,0.36,,1.303,0.985
2020-12-25,0.9359,-0.239,0.04475,,,,0.36,,1.303,0.985
2020-12-28,0.9403,-0.2535,0.04438,,0.95569,,0.378,-0.2651,1.3,0.985
2020-12-29,0.9521,-0.262,0.04625,0.42076,0.9532,1.246,0.3734,-0.2775,1.295,0.98
2020-12-30,0.9356,-0.2605,0.04812,0.4067,0.96168,1.236,0.385,-0.2825,1.29,0.9825
2020-12-31,0.9253,,,0.3961,0.95645,1.205,0.385,-0.28,1.285,0.9875
2021-01-01,0.9253,,,,,,0.385,,1.29,0.9875
2021-01-04,0.914,-0.292,0.045,0.3741,0.92153,1.204,0.352,-0.31,1.27,0.955
2021-01-05,0.9525,-0.269,0.037,0.4073,0.94821,1.231,0.357,-0.3075,1.22,0.98
2021-01-06,1.0252,-0.25,0.04563,0.4346,1.01605,1.2692,0.376,-0.28,1.26,1.04
2021-01-07,1.0777,-0.234,0.05622,0.48275,1.04298,1.312,0.396,-0.2725,1.293,1.1025
2021-01-08,1.1256,-0.232,0.05188,0.482,1.0542,1.3395,0.41,-0.2675,1.31,1.09
2021-01-11,1.1503,-0.2097,,0.5036,1.08338,1.362,0.4339,-0.2476,1.34,1.1175
2021-01-12,1.1387,-0.1827,0.05125,0.5395,1.07016,1.369,0.463,-0.2051,1.375,1.1425
2021-01-13,1.0927,-0.2317,0.04622,0.508,1.02777,1.337,0.427,-0.2475,1.35,1.085
2021-01-14,1.1349,-0.244,0.048,0.4913,1.06543,1.378,0.399,-0.265,1.34,1.13
2021-01-15,1.0855,-0.2365,0.05122,0.4906,1.04448,1.329,0.41,-0.2625,1.355,1.095
2021-01-18,1.0951,-0.2263,0.06625,0.4929,1.02803,1.3269,0.42,-0.26,1.355,1.075
2021-01-19,1.0933,-0.222,0.06188,0.49545,1.05072,1.323,0.424,-0.255,1.35,1.0825
2021-01-20,1.0858,-0.2208,0.0575,0.5075,1.03825,1.337,0.42,-0.255,1.34,1.0925
2021-01-21,1.12,-0.1885,0.05075,0.5348,1.05696,1.38,0.44,-0.225,1.365,1.125
2021-01-22,1.1129,-0.2025,0.0575,0.512,1.07541,1.354,0.422,-0.2326,1.365,1.16
2021-01-25,1.0626,-0.2274,0.05562,0.47345,1.07193,1.328,0.395,-0.26,1.343,1.105
2021-01-26,1.0689,-0.207,0.0525,0.4811,1.03577,1.3349,0.4045,-0.2476,1.35,1.1
2021-01-27,1.0562,-0.2103,0.05873,0.487,1.03727,1.317,0.3975,-0.2575,1.33,1.14
2021-01-28,1.087,-0.202,0.0525,0.5109,1.07093,1.351,0.41,-0.2525,1.345,1.16
2021-01-29,1.1094,-0.188,0.06625,0.5346,1.09287,1.375,0.4345,-0.225,1.38,1.185
2021-02-01,1.1291,-0.187,0.06875,0.535,1.12952,1.368,0.4425,-0.215,1.405,1.23
2021-02-02,1.1533,-0.168,0.07375,0.5608,1.13675,1.3846,0.458,-0.2,1.44,1.315
2021-02-03,1.2019,-0.144,0.075,0.5837,1.17539,1.434,0.4775,-0.1875,1.465,1.4
2021-02-04,1.2121,-0.134,0.0805,0.657,1.2095,1.446,0.493,-0.1575,1.482,1.44
2021-02-05,1.2405,-0.117,0.0825,0.7069,1.21575,1.4865,0.5097,-0.145,1.523,1.425
2021-02-08,1.2503,-0.118,0.1,0.6928,1.23075,1.4925,0.5289,-0.15,1.53,1.4475
2021-02-09,1.2327,-0.12,0.09625,0.67535,1.20605,1.4823,0.527,-0.1425,1.516,1.4525
2021-02-10,1.1997,-0.112,0.1025,0.69555,1.172,1.474,0.537,-0.1325,1.523,1.395
2021-02-11,1.2332,-0.129,,0.67685,1.1935,1.48,0.525,-0.1425,1.515,1.3975
2021-02-12,1.2857,-0.094,0.09313,0.734,1.22825,1.52,0.5587,-0.1125,1.554,1.415
2021-02-15,1.3228,-0.056,0.11625,0.779,1.3005,,0.607,-0.0675,1.59,1.5425
2021-02-16,1.405,-0.0172,0.11563,0.8301,1.38771,1.6105,0.6474,-0.0375,1.64,1.6325
2021-02-17,1.3464,-0.037,0.13688,0.77915,1.37028,1.613,0.639,-0.06,1.638,1.6075
2021-02-18,1.3748,-0.0165,0.13062,0.8296,1.389,1.648,0.656,-0.0375,1.658,1.6075
2021-02-19,1.4237,0.022,0.1425,0.906,1.4925,1.714,0.6835,0.0049,1.673,1.6
2021-02-22,1.4497,-0.01,0.155,0.89015,1.6355,1.733,0.6568,-0.0175,1.65,1.795
2021-02-23,1.4248,0.0022,,0.944,1.59625,1.732,0.6837,0.0025,1.718,1.71
2021-02-24,1.4365,0.005,0.155,0.9369,1.65551,1.782,0.7068,0.0275,1.775,1.9225
2021-02-25,1.5727,0.0975,0.1775,0.9709,1.88825,1.92,0.8447,0.1013,1.885,2.16
2021-02-26,1.47,0.033,0.17687,0.9989,1.749,1.817,0.8115,0.085,1.8,1.99
2021-03-01,1.4964,-0.028,0.16813,0.9514,1.66971,1.8225,0.7333,0.0025,1.74,1.885
2021-03-02,1.4596,-0.041,0.145,0.8973,1.67342,1.814,0.7177,-0.005,1.79,1.895
2021-03-03,1.5498,0.021,0.14675,0.98085,1.74686,1.881,0.7875,0.02,1.83,1.97
2021-03-04,1.6349,0.0244,0.15875,0.9443,1.862,1.955,0.7906,-0.0025,1.81,2.045
2021-03-05,1.6199,0.018,0.12925,0.972,1.81225,1.9565,0.8216,0.0125,1.855,2.0675
2021-03-08,1.6255,0.0463,0.175,0.975,1.83175,1.988,0.8315,0.0224,1.862,2.05
2021-03-09,1.5453,0.027,0.16375,0.9365,1.79741,1.9068,0.7849,0.0075,1.8,2.0
2021-03-10,1.5263,0.0075,0.167,0.9224,1.68191,1.881,0.7632,-0.0175,1.797,1.915
2021-03-11,1.5602,0.003,0.14225,0.94635,1.683,1.908,0.73,-0.04,1.78,1.87
2021-03-12,1.6449,0.035,0.16375,1.027,1.81675,2.057,0.7702,0.0224,1.827,1.895
2021-03-15,1.619,0.0123,0.14875,1.00098,1.76429,2.0093,0.7568,-0.005,1.805,1.9825
2021-03-16,1.6232,0.005,0.14562,0.9798,1.7465,2.0545,0.7595,-0.02,1.75,1.935
2021-03-17,1.6575,0.0498,0.14,1.0337,1.72775,2.085,0.8006,0.0125,1.785,1.95
2021-03-18,1.6995,0.0757,0.15312,1.076,1.78875,2.1108,0.8285,0.0425,1.834,2.01
2021-03-19,1.7464,0.0613,0.1475,1.0612,1.81225,2.0872,0.8055,0.0224,1.809,1.98
2021-03-22,1.7125,0.0487,0.13375,1.0429,1.78125,2.0578,0.795,0.0225,1.791,1.9175
2021-03-23,1.6362,0.025,0.1245,0.99765,1.68387,1.9957,0.7655,0.0012,1.765,1.835
2021-03-24,1.6363,0.01,0.11575,0.98585,1.6965,1.974,0.7505,-0.0125,1.774,1.74
2021-03-25,1.665,-0.008,0.11938,0.96835,1.648,1.962,0.7215,-0.05,1.755,1.7925
2021-03-26,1.709,0.024,0.11989,0.98825,1.71775,1.9993,0.7429,-0.025,1.793,1.825
2021-03-29,1.736,0.045,0.1155,1.0052,1.72196,2.04,0.7644,0.0124,1.813,1.87
2021-03-30,1.7365,0.065,0.133,1.0355,1.795,2.0357,0.7815,0.0324,1.855,1.935
2021-03-31,1.7817,0.069,0.1575,1.0633,1.78125,2.0715,0.7885,0.0175,1.85,1.9525
2021-04-01,1.7134,0.0362,0.16188,1.01935,1.749,2.025,0.762,-0.0176,1.85,1.945
2021-04-02,1.7585,0.037,0.15375,,,,0.7825,-0.0187,1.855,1.945
2021-04-05,1.7411,,0.1525,,,2.0775,0.781,-0.0188,1.855,1.93
2021-04-06,1.6936,0.036,0.14687,1.02028,1.704,1.992,0.775,0.0025,1.83,1.8825
2021-04-07,1.7074,0.027,0.134,1.00615,1.66025,1.9989,0.7538,0.0074,1.805,1.85
2021-04-08,1.6461,0.017,0.13375,0.98385,1.64575,1.9525,0.7345,0.0,1.765,1.825
2021-04-09,1.6881,0.047,0.1415,1.0156,1.70025,1.9866,0.7545,0.015,1.802,1.82
2021-04-12,1.6833,0.0578,0.1425,1.02681,1.7165,2.005,0.7675,0.02,1.791,1.8625
2021-04-13,1.62,0.054,0.14,1.01565,1.70775,1.991,0.7675,0.0275,1.769,1.845
2021-04-14,1.6247,0.0963,0.13075,1.04194,1.70325,2.0055,0.7887,0.045,1.755,1.8575
2021-04-15,1.5666,0.0477,0.1325,0.95907,1.618,1.937,0.7663,0.0175,1.71,1.82
2021-04-16,1.5664,0.0822,0.13125,0.993,1.6615,2.004,0.7729,0.0375,1.725,1.8225
2021-04-19,1.5869,0.1024,0.12375,0.9802,1.65425,2.008,0.7825,0.045,1.765,1.8225
2021-04-20,1.5503,0.078,0.127,0.9555,1.658,1.952,0.7638,0.0325,1.76,1.805
2021-04-21,1.5494,0.074,0.118,0.9669,1.65925,1.977,0.7557,0.0125,1.715,1.795
2021-04-22,1.5396,0.064,0.11,0.9703,1.663,1.9635,0.7585,0.005,1.715,1.75
2021-04-23,1.5577,0.0882,0.10997,0.9797,1.651,1.9534,0.7637,0.0074,1.715,1.785
2021-04-26,1.5599,0.089,0.1175,0.9963,1.664,1.964,0.7705,0.0075,1.716,1.785
2021-04-27,1.6135,0.0946,0.12125,1.0111,1.69306,1.998,0.7779,0.0075,1.725,1.8025
2021-04-28,1.6117,0.1068,0.12875,1.02973,1.662,1.969,0.7926,0.0275,1.755,1.7925
2021-04-29,1.6377,0.1489,,1.0633,1.6975,1.997,0.8255,0.0799,1.8,1.8025
2021-04-30,1.629,0.137,0.1325,1.07705,1.69607,1.9855,0.815,0.065,1.785,1.835
2021-05-03,1.5975,0.1398,,,1.68337,1.9585,0.8273,0.055,1.783,1.85
2021-05-04,1.5869,0.1027,,1.03065,1.69134,1.954,0.8004,0.025,1.76,1.855
2021-05-05,1.561,0.108,,1.04765,1.67508,1.9403,0.8,0.03,1.76,1.8925
2021-05-06,1.5609,0.1062,0.125,1.02295,1.64072,1.9445,0.8057,0.025,1.73,1.8875
2021-05-07,1.5592,0.1198,0.12125,1.0124,1.63197,1.924,0.8075,0.0225,1.707,1.8825
2021-05-10,1.5754,0.125,0.12375,1.02055,1.659,1.938,0.8186,0.0326,1.73,1.9325
2021-05-11,1.5945,0.1569,0.12,1.06005,1.7355,1.954,0.843,0.075,1.768,1.96
2021-05-12,1.6642,0.179,0.12,1.11695,1.75378,2.007,0.8572,0.0875,1.8,2.02
2021-05-13,1.6038,0.1681,0.1325,1.11905,1.744,1.976,0.8521,0.0825,1.8,2.01
2021-05-14,1.5965,0.1572,0.12375,1.0814,1.71513,1.9664,0.8515,0.0824,1.778,2.0075
2021-05-17,1.6072,0.168,0.12375,1.0834,1.72845,1.983,0.8535,0.0826,1.778,1.99
2021-05-18,1.6025,0.189,0.1245,1.0865,1.74169,1.977,0.868,0.0849,1.795,1.9875
2021-05-19,1.6337,0.185,0.1225,1.07465,1.71026,2.001,0.8687,0.0776,1.8,1.9925
2021-05-20,1.599,0.183,0.125,1.0676,1.70775,1.9695,0.8705,0.0825,1.806,1.97
2021-05-21,1.5933,0.1632,0.12375,1.06855,1.688,1.969,0.8495,0.0551,1.785,1.9275
2021-05-24,1.572,0.1539,0.12125,1.0513,1.657,,0.8395,0.048,1.785,1.9075
2021-05-25,1.5203,0.1353,0.12,1.0307,1.626,1.885,0.8284,0.035,1.765,1.89
2021-05-26,1.538,0.0988,0.115,0.991,1.6055,1.8785,0.7847,0.0025,1.754,2.005
2021-05-27,1.5709,0.1357,0.11375,1.0476,1.636,1.9195,0.8175,0.0324,1.783,2.015
2021-05-28,1.566,0.123,0.12125,1.0251,1.65886,1.9318,0.8195,0.0375,1.775,2.005
2021-05-31,1.566,0.1209,0.1175,,1.6824,1.92,0.84,0.0301,1.783,2.0
2021-06-01,1.5831,0.12,0.12438,1.04975,1.69186,1.93,0.8321,0.04,1.778,1.975
2021-06-02,1.561,0.11,0.125,1.033,1.638,1.9298,0.8309,0.0375,1.755,1.975
2021-06-03,1.5988,0.1299,0.12625,1.07765,1.65863,1.9625,0.8375,0.05,1.763,1.9875
2021-06-04,1.5278,0.1057,0.12775,1.0301,1.66597,1.8965,0.8155,0.0425,1.753,1.9975
2021-06-07,1.5389,0.1221,0.12313,1.0508,1.644,1.9175,0.82,0.043,1.764,1.995
2021-06-08,1.5083,0.1014,0.11688,1.01675,1.583,1.889,0.7975,0.025,1.76,1.925
2021-06-09,1.4646,0.0751,0.1,0.98631,1.532,1.8505,0.7634,-0.007,1.735,1.875
2021-06-10,1.4103,0.0718,0.09,0.98555,1.52,1.802,0.7445,-0.0025,1.74,1.8275
2021-06-11,1.4315,0.062,0.0675,0.95095,1.52204,1.7997,0.7298,-0.03,1.675,1.7825
2021-06-14,1.4694,0.0874,0.07375,0.987,1.54666,1.8199,0.7368,-0.0201,1.7,1.815
2021-06-15,1.465,0.1055,0.07875,1.00995,1.563,1.8125,0.7768,0.005,1.715,1.83
2021-06-16,1.5529,0.0904,0.0825,0.98835,1.538,1.882,0.74,-0.0025,1.704,1.9
2021-06-17,1.4763,0.086,0.0925,0.99435,1.56803,1.8303,0.7639,0.0075,1.759,1.9
2021-06-18,1.3993,0.084,0.09247,0.9807,1.56188,1.8,0.7545,-0.01,1.725,1.9
2021-06-21,1.4518,0.11,0.08313,1.0156,1.56475,1.8365,0.7665,0.005,1.711,1.9
2021-06-22,1.4312,0.1131,0.085,1.023,1.56212,1.839,0.7845,0.0275,1.725,1.925
2021-06-23,1.4623,0.1082,0.09,1.0226,1.552,1.859,0.7745,0.015,1.704,1.9025
2021-06-24,1.462,0.1027,0.0875,0.98871,1.542,1.863,0.773,0.0126,1.695,1.8875
2021-06-25,1.486,0.1339,0.085,1.02458,1.556,1.894,0.7969,0.04,1.705,1.915
2021-06-28,1.4475,0.1093,0.08875,0.9678,1.537,1.861,0.781,0.015,1.695,1.92
2021-06-29,1.447,0.1303,0.09375,0.978,1.54392,1.8623,0.7815,0.035,1.7,1.87
2021-06-30,1.4426,0.1002,0.086,0.962,1.54,1.8395,0.7594,0.01,1.665,1.8675
2021-07-01,1.4419,0.106,0.07625,0.98177,1.54225,,0.7505,0.0175,1.64,1.87
2021-07-02,1.4045,0.0717,0.07,0.955,1.51181,1.823,0.727,-0.005,1.625,1.845
2021-07-05,1.4114,0.0999,0.0725,0.9636,1.506,1.8533,0.7395,0.018,1.639,1.81
2021-07-06,1.3257,0.048,0.07187,0.88485,1.42775,1.7881,0.6967,-0.035,1.608,1.78
2021-07-07,1.3025,0.019,0.05875,0.85825,1.425,1.7555,0.6485,-0.0625,1.562,1.78
2021-07-08,1.2831,0.009,0.03875,0.869,1.392,1.7176,0.619,-0.0775,1.493,1.7
2021-07-09,1.364,0.0289,0.05625,0.912,1.41703,1.784,0.645,-0.06,1.536,1.79
2021-07-12,1.3606,0.0288,0.05375,0.90565,1.39525,1.7698,0.6375,-0.0575,1.529,1.78
2021-07-13,1.414,0.0367,0.05,0.896,1.415,1.807,0.6445,-0.0475,1.53,1.8025
2021-07-14,1.3426,0.017,0.0475,0.893,1.38737,1.7461,0.6365,-0.05,1.572,1.835
2021-07-15,1.2872,-0.0027,0.0375,0.913,1.37649,1.714,0.6205,-0.0638,1.538,1.835
2021-07-16,1.2805,-0.012,0.0375,0.882,1.36918,1.6938,0.62,-0.075,1.526,1.855
2021-07-19,1.1645,-0.0449,0.01875,0.8149,1.25499,1.5917,0.5696,-0.115,1.431,1.75
2021-07-20,1.2155,-0.0541,0.02125,0.818,1.24854,1.6246,0.546,-0.1275,1.353,1.74
2021-07-21,1.2924,-0.0282,0.03875,0.87,1.308,1.6689,0.5872,-0.095,1.413,1.815
2021-07-22,1.2838,-0.0603,,0.83275,1.286,1.6541,0.58,-0.1225,1.466,1.78
2021-07-23,1.2777,-0.0539,,0.8415,1.279,1.6626,0.5771,-0.1175,1.479,1.785
2021-07-26,1.2943,-0.0461,0.03688,0.8335,1.28858,1.671,0.5805,-0.1075,1.463,1.795
2021-07-27,1.2455,-0.0599,0.05,0.82775,1.25798,1.619,0.5748,-0.1175,1.45,1.79
2021-07-28,1.2533,-0.0575,0.04375,0.85375,1.25549,1.628,0.5686,-0.11,1.457,1.775
2021-07-29,1.2973,-0.0603,0.045,0.841,1.25425,1.667,0.5568,-0.105,1.47,1.785
2021-07-30,1.2512,-0.0711,0.0425,0.8225,1.273,1.6619,0.5529,-0.125,1.49,1.8125
2021-08-02,1.207,-0.0961,0.04125,0.7775,1.20731,1.6615,0.5325,-0.1425,1.485,1.785
2021-08-03,1.193,-0.102,0.035,0.795,1.217,1.5781,0.5305,-0.1575,1.45,1.8175
2021-08-04,1.2045,-0.1101,0.03125,0.78825,1.2125,1.5978,0.5195,-0.16,1.42,1.855
2021-08-05,1.2486,-0.1094,0.0375,0.7824,1.24701,1.6365,0.526,-0.1625,1.422,1.85
2021-08-06,1.3213,-0.073,0.04125,0.8661,1.286,1.715,0.5587,-0.1275,1.49,1.91
2021-08-09,1.3391,-0.0845,,0.847,1.28203,1.7293,0.5495,-0.135,1.48,1.935
2021-08-10,1.3618,-0.0873,0.05125,0.84746,1.30299,1.743,0.5535,-0.135,1.492,1.9425
2021-08-11,1.344,-0.0961,0.05875,0.836,1.293,1.7382,0.5675,-0.1425,1.525,1.9625
2021-08-12,1.3632,-0.0931,0.05375,0.8611,1.306,1.73,0.5835,-0.1475,1.539,1.9525
2021-08-13,1.2824,-0.0985,0.0525,0.836,1.317,1.6572,0.5765,-0.15,1.568,1.9775
2021-08-16,1.2711,-0.096,0.04875,0.838,1.242,1.63,0.5766,-0.155,1.517,1.995
2021-08-17,1.2765,-0.0986,0.0445,0.829,1.22701,1.619,0.5637,-0.1525,1.499,1.91
2021-08-18,1.2755,-0.101,0.04625,0.841,1.23949,1.6141,0.5545,-0.1575,1.482,1.9575
2021-08-19,1.258,-0.1121,0.04375,0.80445,1.1735,1.589,0.5469,-0.1675,1.4605,1.9175
2021-08-20,1.2678,-0.111,0.03625,0.8029,1.175,1.6066,0.5263,-0.175,1.435,1.8575
2021-08-23,1.2622,-0.1065,0.04125,0.80665,1.2145,1.6318,0.5312,-0.165,1.448,1.865
2021-08-24,1.3074,-0.1103,0.04375,0.8229,1.266,1.66,0.537,-0.165,1.465,1.95
2021-08-25,1.3578,-0.065,0.04875,0.8763,1.292,1.7231,0.5812,-0.12,1.537,1.925
2021-08-26,1.3649,-0.0503,0.05025,0.8852,1.3155,1.718,0.6067,-0.1225,1.57,1.95
2021-08-27,1.3263,-0.0579,0.055,0.8593,1.30834,1.6847,0.605,-0.1225,1.565,1.945
2021-08-30,1.2991,-0.0713,0.05,,1.28865,1.6605,0.5977,-0.1225,1.552,1.9625
2021-08-31,1.3254,-0.028,0.05625,0.9042,1.32425,1.6935,0.6258,-0.0975,1.5595,1.98
2021-09-01,1.3142,-0.0172,0.06125,0.87295,1.33901,1.66,0.6335,-0.09,1.5705,2.0275
2021-09-02,1.3016,-0.0197,0.0625,0.8643,1.32145,1.643,0.6225,-0.1075,1.5628,2.0125
2021-09-03,1.3403,0.002,0.07375,0.89395,1.33531,1.669,0.6505,-0.095,1.577,2.0375
2021-09-06,1.3414,-0.001,0.08625,0.8712,1.37612,1.6705,0.6505,-0.0925,1.5825,2.08
2021-09-07,1.3911,0.0338,0.085,0.9072,1.40275,1.7145,0.6905,-0.0325,1.629,2.08
2021-09-08,1.3678,0.0355,0.08125,0.9291,1.37825,1.6916,0.6875,-0.0425,1.6202,2.0625
2021-09-09,1.3273,-0.0002,0.08125,0.91585,1.36879,1.666,0.6495,-0.0775,1.6105,2.0425
2021-09-10,1.3702,0.029,0.08875,0.9401,1.33996,1.7288,0.6735,-0.0475,1.6298,2.035
2021-09-13,1.3519,0.0328,0.08375,0.9321,1.385,1.708,0.6745,-0.0425,1.626,2.09
2021-09-14,1.3137,0.0205,0.09375,0.9331,1.354,1.6635,0.703,-0.0425,1.652,2.065
2021-09-15,1.3347,0.0513,0.0825,0.967,1.37314,1.707,0.7125,-0.0225,1.6625,2.075
2021-09-16,1.377,0.0618,0.09375,1.0098,1.39662,1.7218,0.7365,0.0028,1.679,2.105
2021-09-17,1.4036,0.0886,0.0975,1.0407,1.451,1.7696,0.7755,0.0375,1.7232,2.115
2021-09-20,1.3435,0.0655,,0.98065,1.37138,1.7125,0.7485,0.0112,1.688,2.11
2021-09-21,1.3482,0.0588,0.09375,1.0128,1.385,1.7141,0.725,-0.0015,1.694,2.105
2021-09-22,1.3313,0.0453,0.08375,0.9924,1.375,1.705,0.7345,-0.0193,1.688,2.09
2021-09-23,1.4595,0.1102,,1.095,1.48175,1.8304,0.7825,0.0492,1.7405,2.16
2021-09-24,1.482,0.1353,0.1025,1.08975,1.49197,1.8633,0.8155,0.085,1.7575,2.195
2021-09-27,1.5158,0.1443,0.10875,1.1329,1.536,1.9027,0.8225,0.0974,1.787,2.225
2021-09-28,1.5626,0.167,0.13125,1.1657,1.56795,1.9555,0.8685,0.1225,1.8442,2.25
2021-09-29,1.5343,0.1673,0.12125,1.1692,1.57696,1.963,0.8635,0.09,1.8595,2.26
2021-09-30,1.5075,0.163,0.11375,1.17861,1.57368,1.963,0.895,0.1125,1.893,2.235
2021-10-01,1.4798,0.1465,0.1075,1.1747,1.615,1.923,0.8765,0.09,1.8861,2.24
2021-10-04,1.49,0.1547,0.10625,1.1846,1.5945,1.9268,0.8905,0.095,1.907,2.2275
2021-10-05,1.5349,0.186,0.11625,1.2653,1.622,1.9722,0.9145,0.125,1.9385,2.21
2021-10-06,1.533,0.1921,0.1275,1.235,1.62,1.9416,0.9045,0.1304,1.9195,2.2325
2021-10-07,1.5936,0.1947,0.11875,1.2434,1.654,1.9981,0.9025,0.13,1.915,2.235
2021-10-08,1.6356,0.2332,0.13375,1.318,1.715,2.06,0.9395,0.1675,1.9455,2.285
2021-10-11,1.633,0.2775,0.14625,1.33715,1.785,2.058,0.9745,0.2025,1.9803,2.3725
2021-10-12,1.5985,0.3202,0.145,1.3021,1.7625,2.042,0.9905,0.2152,1.9853,2.3425
2021-10-13,1.5504,0.256,0.1425,1.24605,1.698,2.024,0.9455,0.165,1.9356,2.305
2021-10-14,1.5245,0.1975,0.12875,1.1936,1.664,1.9561,0.883,0.1306,1.886,2.2975
2021-10-15,1.5756,0.2245,0.13125,1.2722,1.732,2.0113,0.9095,0.1556,1.9229,2.3475
2021-10-18,1.6047,0.2472,0.15,1.2926,1.83,2.017,0.9395,0.1962,1.9967,2.545
2021-10-19,1.6449,0.2759,0.14125,1.3185,1.821,2.0612,0.9695,0.2075,1.983,2.5025
2021-10-20,1.6663,0.251,0.1475,1.29985,1.84725,2.0779,0.9475,0.2,1.9494,2.52
2021-10-21,1.7138,0.276,0.1475,1.3658,1.896,2.135,0.98,0.2279,1.967,2.59
2021-10-22,1.6509,0.2815,0.15125,1.3141,1.886,2.0875,0.9755,0.2425,1.974,2.5875
2021-10-25,1.6605,0.277,0.1575,1.29085,1.84125,2.0971,0.9665,0.2175,1.97,2.5575
2021-10-26,1.6423,0.2691,0.15875,1.2693,1.89575,2.081,0.9465,0.1975,1.96,2.615
2021-10-27,1.5684,0.203,0.14875,1.15455,1.9,2.0762,0.8825,0.1481,1.9045,2.6925
2021-10-28,1.5738,0.248,0.14375,1.2006,2.06275,2.155,0.9605,0.1906,1.926,2.8025
2021-10-29,1.562,0.2835,0.14,1.23497,2.106,2.201,1.031,0.2781,1.9396,2.7425
2021-11-01,1.5726,0.2761,0.13425,1.2583,2.06125,2.202,1.0115,0.2811,1.938,2.705
2021-11-02,1.5811,0.2078,0.1225,1.23615,1.95325,2.1735,0.9595,0.2037,1.88,2.625
2021-11-03,1.6395,0.2142,,1.2802,1.96435,2.178,0.9625,0.2025,1.8825,2.6375
2021-11-04,1.5624,0.1521,0.1175,1.19311,1.88975,2.108,0.9145,0.1572,1.823,2.63
2021-11-05,1.4772,0.1025,0.10875,1.0905,1.943,2.0438,0.8555,0.1,1.789,2.67
2021-11-08,1.5173,0.1422,0.10875,1.0955,1.9805,2.079,0.8975,0.1125,1.811,2.6925
2021-11-09,1.4727,0.0935,0.11125,1.0666,1.93075,2.0408,0.8575,0.0775,1.82,2.6525
2021-11-10,1.5845,0.168,0.11,1.1832,2.0165,2.1336,0.911,0.1425,1.853,2.745
2021-11-11,1.5822,0.197,0.1175,1.2114,2.028,,0.956,0.185,1.881,2.7475
2021-11-12,1.6175,0.1848,0.12375,1.19035,1.985,2.116,0.933,0.165,1.874,2.715
2021-11-15,1.6638,0.197,0.115,1.2369,2.036,2.1697,0.9655,0.185,1.914,2.72
2021-11-16,1.6822,0.2,0.12375,1.27495,2.07375,2.222,0.983,0.185,1.903,2.7475
2021-11-17,1.638,0.1937,0.12375,1.2409,2.028,2.134,0.9705,0.1718,1.897,2.7275
2021-11-18,1.627,0.1737,0.125,1.1946,2.06708,2.125,0.935,0.1597,1.855,2.7925
2021-11-19,1.594,0.1168,0.12125,1.15305,2.019,2.0878,0.8675,0.0915,1.799,2.8525
2021-11-22,1.6845,0.152,0.1175,1.1986,2.13796,2.1883,0.9045,0.116,1.83,2.9025
2021-11-23,1.7237,0.2235,,1.23165,2.189,2.2279,0.955,0.1425,1.896,2.88
2021-11-24,1.6883,0.227,0.12875,1.23865,2.08,2.198,0.9825,0.1618,1.915,2.81
2021-11-25,1.692,0.214,0.12625,1.2215,2.08473,2.1756,0.987,0.1522,1.91,2.8
2021-11-26,1.5301,0.1365,0.11375,1.09625,1.90012,2.0427,0.8955,0.0718,1.8262,2.73
2021-11-29,1.5559,0.1638,0.11424,1.1359,1.967,2.0557,0.925,0.1043,1.829,2.69
2021-11-30,1.522,0.135,0.0956,1.0761,1.95336,2.0265,0.8435,0.0693,1.705,2.675
2021-12-01,1.478,0.124,0.10692,1.0681,1.92401,1.9595,0.8405,0.0553,1.705,2.585
2021-12-02,1.5168,0.1162,0.10467,1.0811,1.962,1.985,0.8095,0.0092,1.638,2.6475
2021-12-03,1.437,0.0953,0.0984,1.0073,1.865,1.9199,0.827,-0.0152,1.7,2.5675
2021-12-06,1.5282,0.1002,0.09452,1.0053,1.87725,2.0172,0.803,-0.013,1.632,2.5575
2021-12-07,1.5694,0.1095,,0.9994,1.94639,2.0742,0.7855,-0.0042,1.648,2.6
2021-12-08,1.5969,0.148,0.09933,1.0362,1.923,2.0984,0.84,0.0353,1.708,2.575
2021-12-09,1.5806,0.116,0.09542,1.0163,1.869,2.018,0.7975,-0.0022,1.691,2.575
2021-12-10,1.5742,0.1145,0.105,0.99065,1.872,1.981,0.808,-0.011,1.704,2.5725
2021-12-13,1.5032,0.083,0.0992,0.9575,1.78162,1.906,0.7785,-0.0163,1.648,2.525
2021-12-14,1.5267,0.1045,0.09951,0.9954,1.81025,1.9416,0.805,0.0147,1.661,2.5575
2021-12-15,1.533,0.1185,0.0986,1.0138,1.80625,1.9243,0.8045,0.0245,1.685,2.585
2021-12-16,1.474,0.118,0.09442,1.0001,1.80875,1.8595,0.821,0.0182,1.7426,2.5625
2021-12-17,1.4665,0.0973,0.09875,1.01,1.85,1.849,0.79,0.0045,1.69,2.5575
2021-12-20,1.4949,0.1315,0.09625,1.0477,1.78488,1.9231,0.8025,0.0065,1.6787,2.545
2021-12-21,1.5417,0.1925,0.1135,1.1388,1.90434,1.9711,0.854,0.0763,1.78,2.6025
2021-12-22,1.5376,0.201,0.1154,1.1585,1.87424,1.9495,0.873,0.093,1.829,2.6175
2021-12-23,1.5686,0.245,0.11325,1.1811,1.8835,1.9631,0.9195,0.1258,1.857,2.615
2021-12-24,1.571,0.247,0.115,1.175,1.84,1.9879,0.893,0.117,1.845,2.615
2021-12-27,1.5505,0.244,0.11125,,,1.9944,0.925,0.107,1.857,2.615
2021-12-28,1.5545,0.248,0.1161,,1.8425,1.9944,0.925,0.117,1.857,2.61
2021-12-29,1.623,0.304,0.12125,1.26775,1.8885,2.014,0.973,0.1637,1.895,2.62
2021-12-30,1.5782,0.3,0.1326,1.2272,1.86602,1.984,0.965,0.1685,1.9,2.635
2021-12-31,1.581,0.301,0.1325,1.20825,1.922,1.9657,0.965,0.1675,1.904,2.64
2022-01-03,1.6843,0.3376,,,2.013,1.9616,1.0025,,1.925,2.64
2022-01-04,1.6982,0.334,,,1.95611,2.1044,1.015,,1.9331,2.7
2022-01-05,1.7629,0.3303,,,2.046,2.145,1.033,,1.947,2.775
2022-01-06,1.7858,0.3538,,,2.045,2.1968,1.015,,1.995,2.7925
2022-01-07,1.83,0.3663,,,2.048,2.213,1.099,,2.019,2.78
2022-01-10,1.8375,0.3808,,,2.08875,2.2011,1.1295,,2.034,2.8425
2022-01-11,1.8055,0.3983,,,2.0615,2.1961,1.142,,2.028,2.815
2022-01-12,1.8034,0.3625,,,2.0465,2.206,1.105,,2.003,2.76
2022-01-13,1.7628,0.3335,,,2.03025,2.1772,1.081,,2.006,2.745
2022-01-14,1.8489,0.388,,,2.03398,2.242,1.103,,2.029,2.75
2022-01-17,1.8504,0.3985,,,2.08975,2.2708,1.118,,2.09,2.815
2022-01-18,1.9384,0.419,,,2.15725,2.3629,1.123,,2.105,2.82
2022-01-19,1.9136,0.4097,,,2.15325,2.342,1.136,,2.1279,2.85
2022-01-20,1.8618,0.402,,,2.121,2.296,1.108,,2.091,2.8225
2022-01-21,1.8196,0.3785,,,2.096,2.253,1.065,,2.045,2.79
2022-01-24,1.8298,0.354,,,2.117,2.278,1.0695,,2.028,2.81
2022-01-25,1.8344,0.395,,,2.1175,2.274,1.053,,2.0325,2.84
2022-01-26,1.9269,0.388,,,2.201,2.318,1.0685,,2.074,2.88
2022-01-27,1.8633,0.3857,,,2.141,2.262,1.082,,2.092,2.845
2022-01-28,1.8423,0.417,,,2.156,2.274,1.113,,2.139,2.8025
2022-01-31,1.8438,0.4603,,,2.1025,2.286,1.154,,2.1689,2.815
2022-02-01,1.8518,0.4778,,,2.121,2.2825,1.171,,2.169,2.8175
2022-02-02,1.8408,0.496,,,2.095,2.255,1.184,,2.165,2.7575
2022-02-03,1.8942,0.5848,,,2.12876,2.301,1.28,,2.255,2.8
2022-02-04,1.9784,0.644,,,2.141,2.372,1.33,,2.275,2.84
2022-02-07,1.985,0.698,,,2.237,2.357,1.3725,,2.274,2.865
2022-02-08,2.0308,0.773,,,2.362,2.369,1.424,,2.3196,2.95
2022-02-09,2.0142,0.728,,,2.31327,2.363,1.3775,,2.326,2.9425
2022-02-10,2.1109,0.821,,,2.40523,2.458,1.396,,2.346,3.03
2022-02-11,2.0185,0.855,,,2.398,2.369,1.3925,,2.361,2.98
2022-02-14,2.0717,0.874,,,2.439,2.422,1.39,,2.3329,3.0
2022-02-15,2.1249,0.864,,,2.478,2.488,1.415,,2.34,3.03
2022-02-16,2.1187,0.8235,,,2.44925,2.464,1.345,,2.2975,3.0125
2022-02-17,2.0395,0.8,,,2.3935,2.428,1.324,,2.3055,2.955
2022-02-18,2.0068,0.7763,,,2.447,2.3881,1.346,,2.289,2.9975
2022-02-21,1.9964,0.7995,,,2.37493,2.387,1.355,,2.277,2.935
2022-02-22,2.0255,0.826,,,2.4605,2.426,1.407,,2.305,2.97
2022-02-23,2.0765,0.84,,,2.484,2.4813,1.4195,,2.323,3.035
2022-02-24,2.0535,0.806,,,2.43475,2.438,1.382,,2.285,3.03
2022-02-25,2.048,0.876,,,2.425,2.4251,1.449,,2.3451,3.06
2022-02-28,1.9162,0.79,,,2.34051,2.3381,1.417,,2.2839,3.01
2022-03-01,1.8031,0.653,,,2.30125,2.217,1.251,,2.149,2.99
2022-03-02,1.9646,0.709,,,2.3788,2.3441,1.281,,2.131,3.11
2022-03-03,1.9334,0.744,,,2.3795,2.3099,1.3375,,2.202,3.09
2022-03-04,1.8175,0.718,,,2.366,2.1919,1.315,,2.106,3.025
2022-03-07,1.8562,0.733,,,2.413,2.232,1.36,,2.1769,3.045
2022-03-08,1.929,0.838,,,2.57114,2.3137,1.425,,2.278,3.125
2022-03-09,2.0423,0.9,,,2.572,2.394,1.492,,2.3577,3.1725
2022-03-10,2.0752,0.9615,,,2.61662,2.424,1.544,,2.435,3.225
2022-03-11,2.0802,0.9383,,,2.57463,2.4841,1.565,,2.4399,3.2225
2022-03-14,2.224,1.046,,,2.685,2.634,1.645,,2.525,3.3375
2022-03-15,2.2418,1.028,,,2.69275,2.6587,1.64,,2.549,3.375
2022-03-16,2.3022,1.055,,,2.711,2.6483,1.703,,2.61,3.39
2022-03-17,2.2766,1.013,,,2.725,2.657,1.683,,2.57,3.365
2022-03-18,2.2629,1.012,,,2.704,2.67,1.665,,2.529,3.34
2022-03-21,2.3968,1.099,,,2.839,2.805,1.735,,2.584,3.435
2022-03-22,2.4721,1.127,,,2.9545,2.896,1.8025,,2.66,3.49
2022-03-23,2.371,1.0728,,,2.913,2.791,1.815,,2.68,3.395
2022-03-24,2.4566,1.141,,,2.967,2.8777,1.879,,2.75,3.445
2022-03-25,2.5571,1.189,,,2.963,3.026,1.91,,2.855,3.465
2022-03-28,2.5473,1.202,,,3.034,2.982,1.945,,2.863,3.49
2022-03-29,2.4794,1.253,,,3.107,2.9587,2.02,,2.871,3.475
2022-03-30,2.4234,1.275,,,3.0365,2.917,2.0325,,2.836,3.45
2022-03-31,2.4065,1.1953,,,2.984,2.8857,1.895,,2.755,3.4
2022-04-01,2.4485,1.195,,,3.023,2.925,1.91,,2.789,3.4775
2022-04-04,2.4435,1.166,,,2.982,2.933,1.8625,,2.7428,3.46
2022-04-05,2.5918,1.274,,,3.134,2.9991,1.953,,2.8167,3.5575
2022-04-06,2.6428,1.318,,,3.154,2.999,2.03,,2.8884,3.605
2022-04-07,2.6971,1.344,,,3.167,3.0517,2.05,,2.905,3.625
2022-04-08,2.758,1.397,,,3.194,3.112,2.09,,2.915,3.67
2022-04-11,2.8472,1.493,,,3.193,3.168,2.19,,2.9705,3.72
2022-04-12,2.7725,1.4922,,,3.248,3.1183,2.18,,2.945,3.77
2022-04-13,2.7522,1.482,,,3.139,3.0936,2.158,,2.968,3.71
2022-04-14,2.8788,1.573,,,3.2065,3.2116,2.198,,2.968,3.67
2022-04-15,2.8757,1.572,,,,3.2066,2.198,,2.9675,3.67
2022-04-18,2.9015,,,,,3.227,2.195,,2.9661,3.67
2022-04-19,3.0019,1.637,,,3.265,3.261,2.315,,3.048,3.765
2022-04-20,2.8849,1.566,,,3.265,3.2579,2.26,,2.9495,3.7725
2022-04-21,2.9611,1.646,,,3.344,3.3263,2.275,,2.9035,3.7975
2022-04-22,2.9518,1.674,,,3.36025,3.316,2.2935,,2.9155,3.8725
2022-04-25,2.8719,1.593,,,3.242,3.242,2.225,,2.8457,3.82
2022-04-26,2.7845,1.57,,,3.2745,3.15,2.18,,2.844,3.82
2022-04-27,2.9048,1.57,,,3.3315,3.245,2.1885,,2.859,3.875
2022-04-28,2.9173,1.676,,,3.433,3.243,2.3195,,2.943,3.92
2022-04-29,3.0237,1.7205,,,3.38,3.334,2.3645,,2.952,3.915
2022-05-02,3.0649,1.761,,,3.494,3.416,2.406,,2.987,3.9725
2022-05-03,3.052,1.758,,,3.602,3.423,2.4195,,2.965,4.0275
2022-05-04,3.0265,1.7605,,,3.658,3.3859,2.5205,,3.03,4.0775
2022-05-05,3.1077,1.823,,,3.732,3.485,2.505,,3.038,4.1225
2022-05-06,3.195,1.93,,,3.707,3.5848,2.598,,3.1366,4.1025
2022-05-09,3.0885,1.953,,,3.739,3.4718,2.63,,3.117,4.08
2022-05-10,3.0545,1.866,,,3.679,3.447,2.527,,3.065,4.105
2022-05-11,2.9963,1.795,,,3.65,3.4478,2.4855,,3.07,4.0875
2022-05-12,2.9403,1.653,,,3.5225,3.358,2.3775,,2.959,3.8975
2022-05-13,2.998,1.716,,,3.592,3.414,2.4455,,3.013,3.855
2022-05-16,2.9551,1.689,,,3.516,3.3846,2.443,,3.0055,3.785
2022-05-17,3.0542,1.7666,,,3.637,3.488,2.5295,,3.006,3.865
2022-05-18,2.9535,1.7392,,,3.564,3.4039,2.518,,3.0409,3.72
2022-05-19,2.9077,1.686,,,3.48617,3.343,2.4574,,2.9548,3.73
2022-05-20,2.8425,1.6709,,,3.49,3.3,2.4695,,2.927,3.6825
2022-05-23,2.9025,1.7285,,,3.523,3.298,2.471,,2.937,3.7075
2022-05-24,2.8085,1.682,,,3.407,3.2671,2.448,,2.918,3.6475
2022-05-25,2.8142,1.712,,,3.419,3.232,2.438,,2.8654,3.735
2022-05-26,2.8247,1.7641,,,3.4445,3.257,2.425,,2.864,3.71
2022-05-27,2.8182,1.7279,,,3.46779,3.2433,2.447,,2.8682,3.7475
2022-05-30,,1.7815,,,3.494,3.2752,2.4815,,2.893,3.83
2022-05-31,2.93,1.8489,,,3.58225,3.339,2.535,,2.94,3.96
2022-06-01,2.98,1.8949,,,3.7185,3.44,2.561,,2.9295,3.995
2022-06-02,2.9894,1.949,,,3.75397,3.4582,2.6185,,2.972,3.99
2022-06-03,3.0175,1.98,,,3.743,3.5171,2.658,,3.029,4.01
2022-06-06,3.1296,2.0265,,,3.793,3.6516,2.665,,3.029,4.015
2022-06-07,3.0567,2.0069,,,3.831,3.641,2.6875,,3.072,4.0725
2022-06-08,3.0949,2.058,,,3.87819,3.7169,2.7465,,3.173,4.1125
2022-06-09,3.1139,2.1311,,,3.867,3.679,2.8025,,3.206,4.1475
2022-06-10,3.2215,2.2031,,,3.92,3.7973,2.822,,3.245,4.195
2022-06-13,3.4356,2.3721,,,4.125,3.9705,2.932,,3.3334,4.3975
2022-06-14,3.542,2.6198,,,4.215,4.0728,3.1305,,3.312,4.5075
2022-06-15,3.3459,2.4499,,,4.415,3.907,3.0115,,3.2451,4.4675
2022-06-16,3.2432,2.512,,,4.432,3.827,3.1085,,3.3449,4.49
2022-06-17,3.2906,2.429,,,4.46045,3.856,3.054,,3.302,4.5275
2022-06-20,,2.524,,,4.384,3.9106,3.06,,3.356,4.47
2022-06-21,3.3476,2.5563,,,4.35075,3.9498,3.07,,3.445,4.4975
2022-06-22,3.2343,2.423,,,4.102,3.8678,2.974,,3.3425,4.3
2022-06-23,3.1653,2.21,,,3.972,3.745,2.85,,3.2449,4.2575
2022-06-24,3.2163,2.233,,,3.989,3.769,,,3.333,4.2575
2022-06-27,3.2747,2.335,,,4.1375,3.823,2.9345,,3.4315,4.19
2022-06-28,3.2495,2.408,,,4.105,3.772,3.003,,3.4167,4.24
2022-06-29,3.1729,2.347,,,4.028,3.746,2.945,,3.37,4.1525
2022-06-30,3.0938,2.165,,,3.96825,3.666,2.7845,,3.268,4.0525
2022-07-01,2.9634,2.07,,,3.939,,2.591,,3.137,3.995
2022-07-04,,2.1955,,,3.84,3.6154,2.6715,,3.169,3.9175
2022-07-05,2.8855,2.069,,,3.711,3.515,2.605,,3.074,3.88
2022-07-06,3.0131,2.017,,,3.784,3.601,2.462,,2.9965,3.79
2022-07-07,3.0867,2.117,,,3.873,3.6399,2.5,,3.0365,3.8225
2022-07-08,3.1727,2.156,,,3.873,3.727,2.529,,3.0975,3.795
2022-07-11,3.0763,2.0842,,,3.855,3.68,2.505,,3.066,3.875
2022-07-12,3.0492,1.974,,,3.789,3.63,2.45,,2.9946,3.82
2022-07-13,3.0125,1.955,,,3.811,3.5931,2.5085,,3.0739,3.83
2022-07-14,3.0411,1.998,,,3.795,3.5999,2.5925,,3.111,3.86
2022-07-15,2.9918,1.961,,,3.843,3.5356,2.613,,3.08,3.8375
2022-07-18,3.0546,2.02,,,3.872,3.5467,2.686,,3.14,3.8975
2022-07-19,3.0885,2.079,,,3.92837,3.5694,2.6855,,3.14,3.9675
2022-07-20,3.0983,2.046,,,3.949,3.6029,2.6439,,3.123,4.03
2022-07-21,2.9534,2.022,,,3.857,3.441,2.6285,,3.1481,3.9375
2022-07-22,2.8254,1.859,,,3.65448,3.3398,2.4905,,2.9971,3.8975
2022-07-25,2.8741,1.825,,,3.69015,3.3636,2.475,,3.064,3.795
2022-07-26,2.8865,1.738,,,3.655,3.3175,2.378,,2.979,3.705
2022-07-27,2.8672,1.757,,,3.51,3.263,2.37,,3.022,3.68
2022-07-28,2.7547,1.663,,,3.401,3.105,2.288,,2.9506,3.5225
2022-07-29,2.7256,1.646,,,3.4195,3.117,2.303,,2.955,3.5825
2022-08-01,2.6391,1.6307,,,3.377,3.1177,2.24,,2.898,3.55
2022-08-02,2.8245,1.6582,,,3.42741,3.222,2.22,,2.883,3.565
2022-08-03,2.7786,1.69,,,3.39966,3.2342,2.2515,,2.95,3.48
2022-08-04,2.7571,1.626,,,3.43833,3.194,2.199,,2.8999,3.5525
2022-08-05,2.8913,1.802,,,3.395,3.251,2.358,,2.9771,3.4875
2022-08-08,2.8164,1.7578,,,3.4865,3.184,2.3025,,2.935,3.5325
2022-08-09,2.8326,1.787,,,3.536,3.194,2.3265,,2.9648,3.4925
2022-08-10,2.8312,1.7573,,,3.573,3.165,2.2595,,2.94,3.5325
2022-08-11,2.9414,1.831,,,3.739,3.268,2.299,,3.005,3.685
2022-08-12,2.8832,1.816,,,3.747,3.2021,2.3025,,3.0645,3.7275
2022-08-15,2.8305,1.732,,,3.609,3.137,2.218,,3.001,3.6175
2022-08-16,2.845,1.781,,,3.593,3.2031,2.2835,,3.087,3.63
2022-08-17,2.9533,1.893,,,3.6635,3.309,2.377,,3.1605,3.7025
2022-08-18,2.9304,1.912,,,3.648,3.298,2.3805,,3.159,3.76
2022-08-19,3.0294,2.043,,,3.74365,3.3964,2.5135,,3.2905,3.8275
2022-08-22,3.0817,2.157,,,3.954,3.466,2.5685,,3.389,4.025
2022-08-23,3.1308,2.191,,,4.002,3.493,2.662,,3.482,4.045
2022-08-24,3.1919,2.265,,,4.049,3.5557,2.748,,3.551,4.005
2022-08-25,3.113,2.19,,,4.001,3.477,2.7665,,3.495,4.0725
2022-08-26,3.1258,2.296,,,3.941,3.498,2.823,,3.5426,4.055
2022-08-29,3.1929,2.415,,,4.049,3.57,2.9152,,3.636,4.15
2022-08-30,3.1991,2.401,,,3.954,3.5708,2.892,,3.612,4.1225
2022-08-31,3.2804,2.4158,,,3.942,3.6218,2.7975,,3.556,4.17
2022-09-01,3.3483,2.448,,,4.054,3.6711,2.879,,3.517,4.245
2022-09-02,3.2878,2.4125,,,4.003,3.595,2.8165,,3.491,4.16
2022-09-05,,2.5071,,,4.004,,2.889,,3.569,4.1975
2022-09-06,3.4307,2.546,,,4.039,3.694,2.9035,,3.6145,4.25
2022-09-07,3.3444,2.442,,,3.975,3.64,2.86,,3.592,4.205
2022-09-08,3.3941,2.536,,,3.964,3.7009,2.9125,,3.598,4.1875
2022-09-09,3.3887,2.526,,,3.92,3.6281,2.8825,,3.572,4.11
2022-09-12,3.4287,2.461,,,3.903,3.6268,2.842,,3.4729,4.105
2022-09-13,3.4722,2.552,,,4.019,3.6592,2.899,,3.499,4.15
2022-09-14,3.479,2.542,,,3.977,3.615,2.931,,3.489,4.155
2022-09-15,3.5256,2.5552,,,4.016,3.602,2.8945,,3.4895,4.1325
2022-09-16,3.5245,2.526,,,4.023,3.5964,2.9025,,3.4524,4.22
2022-09-19,3.5638,2.576,,,4.007,3.61,2.915,,3.48,4.165
2022-09-20,3.6318,2.687,,,4.036,3.5776,3.007,,3.547,4.185
2022-09-21,3.6004,2.691,,,4.038,3.535,2.948,,3.506,4.1775
2022-09-22,3.7666,2.768,,,4.038,3.612,3.0055,,3.496,4.2896
2022-09-23,3.734,2.854,,,4.259,3.5554,3.0765,,3.53,4.3701
2022-09-26,3.9416,3.0153,,,4.305,3.7033,3.102,,3.6147,4.485
2022-09-27,3.9295,3.1558,,,4.4335,3.769,3.188,,3.6612,4.54
2022-09-28,3.7746,3.0975,,,4.275,3.5716,3.1535,,3.6046,4.4
2022-09-29,3.8437,3.142,,,4.362,3.682,3.1776,,3.58,4.49
2022-09-30,3.877,3.075,,,4.294,,3.158,,3.5203,4.44
2022-10-03,3.6752,2.883,,,4.195,3.661,3.0508,,3.48,4.4375
2022-10-04,3.6381,2.821,,,4.067,3.643,2.9615,,3.4494,4.32
2022-10-05,3.7913,2.962,,,4.1485,3.786,3.015,,3.577,4.365
2022-10-06,3.846,3.081,,,4.2171,3.7857,3.045,,3.597,4.41
2022-10-07,3.8966,3.2031,,,4.272,3.872,3.182,,3.656,4.43
2022-10-10,,3.3334,,,4.356,,3.212,,3.721,4.51
2022-10-11,3.9622,3.3086,,,4.409,3.947,3.27,,3.8529,4.615
2022-10-12,3.9221,3.3032,,,4.378,3.894,3.2625,,3.924,4.645
2022-10-13,3.9464,3.2603,,,4.445,3.911,3.18,,3.884,4.73
2022-10-14,4.0214,3.3155,,,4.376,3.9805,3.175,,3.799,4.6875
2022-10-17,4.0067,3.243,,,4.41,3.914,3.1595,,3.7711,4.77
2022-10-18,4.0004,3.1948,,,4.3805,3.846,3.1175,,3.8091,4.835
2022-10-19,4.1357,3.2527,,,4.504,4.029,3.2135,,3.8601,5.0325
2022-10-20,4.2506,3.2855,,,4.63,4.1508,3.207,,3.9193,5.015
2022-10-21,4.2304,3.2652,,,4.723,4.074,3.208,,3.9719,5.01
2022-10-24,4.2546,3.1665,,,4.702,4.0374,3.155,,3.927,4.9925
2022-10-25,4.131,3.013,,,4.478,3.957,3.0625,,3.845,4.81
2022-10-26,4.0214,2.9805,,,4.41,3.771,3.0675,,3.8195,4.74
2022-10-27,3.9346,2.853,,,4.32154,3.6813,2.931,,3.72,4.62
2022-10-28,4.0505,2.982,,,4.36654,3.722,3.0615,,3.765,4.638
2022-10-31,4.0918,3.0315,,,4.41426,3.765,3.092,,3.714,4.665
2022-11-01,4.1006,3.024,,,4.38675,3.759,3.076,,3.6875,4.68
2022-11-02,4.162,3.023,,,4.535,3.8431,3.0451,,3.6225,4.785
2022-11-03,4.193,3.112,,,4.498,3.92,3.1045,,3.69,4.7975
2022-11-04,4.2012,3.143,,,4.437,3.9985,3.105,,3.6635,4.7475
2022-11-07,4.231,3.1506,,,4.55395,4.0772,3.1165,,3.688,4.9075
2022-11-08,4.1367,3.061,,,4.459,3.9732,3.053,,3.7275,4.8325
2022-11-09,4.0958,2.9388,,,4.364,3.9019,3.015,,3.665,4.77
2022-11-10,3.8202,2.8125,,,4.1289,3.645,2.875,,3.505,4.51
2022-11-11,3.8205,2.891,,,4.282,,2.9375,,3.56,4.53
2022-11-14,3.8473,2.872,,,4.29025,3.643,2.851,,3.5125,4.59
2022-11-15,3.7588,2.8098,,,4.181,3.5879,2.794,,3.4097,4.4925
2022-11-16,3.6567,2.7248,,,4.112,3.535,2.7525,,3.2965,4.395
2022-11-17,3.7478,2.763,,,4.12475,3.5833,2.7955,,3.347,4.3875
2022-11-18,3.8152,2.7661,,,4.113,3.594,2.7825,,3.3845,4.3975
2022-11-21,3.8217,2.739,,,4.098,3.5494,2.7405,,3.3558,4.475
2022-11-22,3.7233,2.7,,,4.0497,3.508,2.7305,,3.364,4.36
2022-11-23,3.6685,2.654,,,4.072,3.4531,2.699,,3.3365,4.4625
2022-11-24,3.67,2.572,,,4.011,3.421,2.617,,3.239,4.38
2022-11-25,3.662,2.6652,,,4.081,3.415,2.725,,3.307,4.43
2022-11-28,3.6555,2.6945,,,4.0206,3.418,2.726,,3.326,4.345
2022-11-29,3.7118,2.6725,,,4.0664,3.4799,2.6785,,3.294,4.4325
2022-11-30,3.5663,2.6559,,,3.92605,3.4231,2.717,,3.281,4.295
2022-12-01,3.4658,2.536,,,3.902,3.318,2.5825,,3.2545,4.29
2022-12-02,3.4495,2.58,,,3.875,3.266,2.605,,3.236,4.24
2022-12-05,3.5448,2.6005,,,3.8389,3.299,2.6215,,3.212,4.2325
2022-12-06,3.4935,2.537,,,3.8345,3.255,2.5395,,3.13,4.225
2022-12-07,3.393,2.53,,,3.78805,3.221,2.535,,3.086,4.1375
2022-12-08,3.4595,2.5547,,,3.85515,3.2497,2.5175,,3.0823,4.1925
2022-12-09,3.5689,2.612,,,3.779,3.3273,2.5365,,3.006,4.23
2022-12-12,3.5942,2.6274,,,3.8908,3.3681,2.512,,2.9101,4.3025
2022-12-13,3.489,2.639,,,3.857,3.2932,2.496,,2.9161,4.3125
2022-12-14,3.4635,2.598,,,3.896,3.27,2.506,,2.9519,4.395
2022-12-15,3.4383,2.717,,,3.9455,3.221,2.625,,3.007,4.48
2022-12-16,3.472,2.8108,,,3.972,3.2641,2.785,,3.042,4.5
2022-12-19,3.556,2.8428,,,4.08925,3.334,2.78,,3.004,4.52
2022-12-20,3.6343,2.9373,,,4.1403,3.4435,2.878,,3.0789,4.57
2022-12-21,3.6303,2.9795,,,4.14575,3.4537,2.9365,,3.138,4.6075
2022-12-22,3.6537,3.0295,,,4.26,3.5093,3.0125,,3.22,4.625
2022-12-23,3.7187,3.056,,,4.2435,3.6064,3.0345,,3.245,4.625
2022-12-26,,,,,,,,,3.245,4.625
2022-12-27,3.7922,3.1733,,,4.3901,3.604,3.13,,3.291,4.735
2022-12-28,3.848,3.1428,,,4.4421,3.72,3.13,,3.283,4.875
2022-12-29,3.7838,3.084,,,4.39175,3.712,3.108,,3.242,4.8
2022-12-30,3.8375,3.2028,,,4.4166,3.7417,3.1205,,3.289,4.8025
2023-01-02,,3.066,,,4.3845,,3.0582,,3.1976,4.8025
2023-01-03,3.6795,2.988,,,4.3045,3.6333,3.0115,,3.152,4.72
2023-01-04,3.6367,2.888,,,4.21185,3.5737,2.9045,,3.188,4.6025
2023-01-05,3.6685,2.9362,,,4.26535,3.6206,2.9095,,3.2723,4.5875
2023-01-06,3.5002,2.846,,,4.248,3.53,2.8908,,3.231,4.57
2023-01-09,3.477,2.862,,,4.1451,3.5152,2.86,,3.19,4.45
2023-01-10,3.5625,2.9135,,,4.1879,3.5445,2.8345,,3.163,4.5
2023-01-11,3.4975,2.7829,,,4.0309,3.442,2.68,,3.09,4.36
2023-01-12,3.4135,2.713,,,3.9643,3.3254,2.64,,3.033,4.2825
2023-01-13,3.4708,2.7185,,,3.991,3.3234,2.6385,,2.977,4.285
2023-01-16,,2.7215,,,4.018,3.287,2.6575,,2.971,4.27
2023-01-17,3.5137,2.6455,,,4.05,3.2656,2.563,,2.9439,4.3
2023-01-18,3.3467,2.6025,,,3.878,3.1423,2.523,,2.8472,4.145
2023-01-19,3.3572,2.646,,,3.843,3.1599,2.593,,2.872,4.1375
2023-01-20,3.4435,2.742,,,3.84,3.2437,2.6795,,2.93,4.18
2023-01-23,3.4774,2.7925,,,3.914,3.273,2.72,,2.9435,4.26
2023-01-24,3.4188,2.768,,,3.8371,3.2545,2.6815,,2.945,4.2425
2023-01-25,3.4169,2.7692,,,3.96,3.201,2.65,,2.885,4.225
2023-01-26,3.4786,2.8045,,,4.01985,3.261,2.675,,2.9507,4.2075
2023-01-27,3.4875,2.8335,,,4.029,3.2923,2.731,,3.001,4.215
2023-01-30,3.5231,2.9,,,4.034,3.3263,2.7385,,3.05,4.2975
2023-01-31,3.4876,2.875,,,3.9835,3.3338,2.712,,3.0435,4.205
2023-02-01,3.4119,2.8507,,,3.94555,3.2771,2.6785,,2.988,4.2225
2023-02-02,3.3914,2.6532,,,3.83935,3.2352,2.472,,2.848,4.1175
2023-02-03,3.522,2.7596,,,3.795,3.3368,2.5975,,2.925,4.07
2023-02-06,3.621,2.8748,,,3.9683,3.449,2.6615,,3.026,4.21
2023-02-07,3.6557,2.904,,,4.1017,3.4855,2.663,,3.095,4.2825
2023-02-08,3.5904,2.887,,,4.037,3.414,2.686,,3.093,4.2275
2023-02-09,3.6457,2.851,,,4.1136,3.453,2.7555,,3.0545,4.3775
2023-02-10,3.7199,2.8996,,,4.191,3.5496,2.849,,3.187,4.3662
2023-02-13,3.6904,2.905,,,4.18875,3.511,2.8785,,3.218,4.43
2023-02-14,3.7385,2.985,,,4.224,3.585,2.886,,3.199,4.505
2023-02-15,3.7995,3.0157,,,4.2415,3.6627,2.937,,3.249,4.4525
2023-02-16,3.8615,3.014,,,4.21725,3.6903,2.928,,3.307,4.4675
2023-02-17,3.8181,2.9875,,,4.228,3.692,2.9525,,3.341,4.49
2023-02-20,,3.015,,,4.2499,,3.07,,3.33,4.5025
2023-02-21,3.9553,3.085,,,4.34,3.836,3.225,,3.4551,4.61
2023-02-22,3.9252,3.0964,,,4.30105,3.78,3.1655,,3.459,4.64
2023-02-23,3.8802,3.071,,,4.3149,3.74,3.142,,3.453,4.735
2023-02-24,3.9558,3.128,,,4.264,3.7977,3.251,,3.548,4.6625
2023-02-27,3.9255,3.187,,,4.32335,3.7876,3.2835,,3.53,4.71
2023-02-28,3.9336,3.23,,,4.3517,3.742,3.279,,3.5597,4.745
2023-03-01,4.0104,3.2875,,,4.3117,3.8187,3.305,,3.55,4.6675
2023-03-02,4.0744,3.3292,,,4.37675,3.8844,3.3022,,3.521,4.755
2023-03-03,3.9759,3.277,,,4.334,3.7512,3.2604,,3.471,4.775
2023-03-06,3.9682,3.2845,,,4.223,3.763,3.2275,,3.417,4.7325
2023-03-07,3.9707,3.226,,,4.1146,3.7264,3.216,,3.362,4.66
2023-03-08,3.9975,3.195,,,4.12,3.6723,3.148,,3.327,4.7225
2023-03-09,3.9062,3.188,,,4.083,3.5678,3.133,,3.3951,4.63
2023-03-10,3.6878,3.0663,,,3.983,3.4083,3.01,,3.183,4.565
2023-03-13,3.5868,2.956,,,3.8205,3.194,2.792,,3.044,4.355
2023-03-14,3.7372,3.0425,,,3.962,3.329,2.871,,3.116,4.4225
2023-03-15,3.5239,2.9415,,,3.899,3.224,2.801,,3.0141,4.32
2023-03-16,3.6281,2.981,,,3.986,3.348,2.8805,,3.0061,4.415
2023-03-17,3.4665,2.8837,,,3.945,3.1991,2.7785,,2.968,4.34
2023-03-20,3.5117,2.866,,,3.805,3.229,2.796,,3.012,4.215
2023-03-21,3.6439,2.9535,,,3.85125,3.299,2.845,,3.097,4.29
2023-03-22,3.4673,2.9855,,,3.744,3.14,2.899,,3.1189,4.235
2023-03-23,3.4299,2.904,,,3.74075,3.164,2.839,,3.076,4.2625
2023-03-24,3.375,2.865,,,3.737,3.147,2.761,,3.0556,4.12
2023-03-27,3.5283,2.9385,,,3.816,3.3029,2.8305,,3.13,4.2275
2023-03-28,3.5626,2.9746,,,3.821,3.354,2.8345,,3.1,4.23
2023-03-29,3.5702,2.9935,,,3.843,3.347,2.819,,3.12,4.22
2023-03-30,3.5519,3.0205,,,3.847,3.347,2.8915,,3.173,4.315
2023-03-31,3.4637,2.958,,,3.808,3.3132,2.8635,,3.125,4.295
2023-04-03,3.4095,2.9063,,,3.737,3.2647,2.777,,3.12,4.175
2023-04-04,3.3362,2.9058,,,3.684,3.1869,2.7755,,3.09,4.2
2023-04-05,3.3131,2.833,,,3.627,3.2078,2.7165,,3.07,4.1675
2023-04-06,3.3112,2.8444,,,3.609,3.214,2.726,,3.07,4.13
2023-04-07,3.408,,,,,,2.705,,3.07,4.13
2023-04-10,3.4258,,,,,3.3063,,,3.071,4.19
2023-04-11,3.43,2.95,,,3.687,3.329,2.8115,,3.085,4.145
2023-04-12,3.3849,3.0,,,3.747,3.314,2.873,,3.13,4.12
2023-04-13,3.4369,2.9932,,,3.768,3.4008,2.8535,,3.16,4.155
2023-04-14,3.5045,3.0343,,,3.789,3.4693,2.89,,3.223,4.205
2023-04-17,3.5961,3.0855,,,3.898,3.5317,2.977,,3.322,4.245
2023-04-18,3.5835,3.0905,,,3.9663,3.4941,2.9955,,3.319,4.335
2023-04-19,3.5882,3.1388,,,3.9854,3.5099,3.058,,3.344,4.4012
2023-04-20,3.5293,3.0893,,,3.9205,3.431,2.9995,,3.33,4.29
2023-04-21,3.5738,3.113,,,3.8959,3.3921,3.018,,3.384,4.215
2023-04-24,3.4935,3.1477,,,3.881,3.3616,3.0165,,3.406,4.215
2023-04-25,3.4003,3.0465,,,3.772,3.266,2.942,,3.346,4.1325
2023-04-26,3.4542,3.0798,,,3.7706,3.3206,2.888,,3.2851,4.12
2023-04-27,3.5222,3.1007,,,3.855,3.4118,2.907,,3.34,4.23
2023-04-28,3.4368,2.9895,,,3.752,3.297,2.812,,3.29,4.195
2023-05-01,3.5992,,,,3.777,3.435,,,3.29,4.22
2023-05-02,3.4586,2.9425,,,3.809,3.2915,2.8365,,3.3,4.1425
2023-05-03,3.384,2.9247,,,3.8091,3.241,2.823,,3.25,4.135
2023-05-04,3.408,2.888,,,3.691,3.2743,2.8125,,3.291,4.1575
2023-05-05,3.4657,2.954,,,3.79,3.383,2.8295,,3.33,4.145
2023-05-08,3.5243,2.9847,,,3.883,3.453,2.841,,3.35,4.25
2023-05-09,3.5299,3.0074,,,3.888,3.418,2.8735,,3.349,4.2475
2023-05-10,3.4536,2.955,,,3.805,3.372,2.849,,3.378,4.185
2023-05-11,3.3928,2.8955,,,3.729,3.311,2.7505,,3.323,4.21
2023-05-12,3.469,2.9418,,,3.749,3.355,2.808,,3.365,4.165
2023-05-15,3.4986,2.9585,,,3.876,3.422,2.809,,3.3875,4.2175
2023-05-16,3.5315,3.002,,,3.897,3.5214,2.844,,3.395,4.2225
2023-05-17,3.5584,2.9915,,,3.888,3.5667,2.863,,3.395,4.2875
2023-05-18,3.6481,3.0957,,,3.989,3.6366,,,3.395,4.41
2023-05-19,3.6829,3.0843,,,3.9949,3.5922,2.995,,3.54,4.4525
2023-05-22,3.7282,3.1003,,,4.0086,,2.975,,3.506,4.45
2023-05-23,3.7113,3.1142,,,4.069,3.6845,3.0175,,3.541,4.56
2023-05-24,3.7587,3.132,,,4.0276,3.7477,3.0055,,3.519,4.4425
2023-05-25,3.8452,3.167,,,4.102,3.796,3.051,,3.575,4.4625
2023-05-26,3.8334,3.1751,,,4.097,3.8304,3.1035,,3.607,4.4675
2023-05-29,,3.084,,,4.055,3.8281,3.0225,,3.605,4.4075
2023-05-30,3.7185,2.987,,,3.9861,3.7469,2.976,,3.533,4.3075
2023-05-31,3.6765,2.9525,,,3.9719,3.676,2.914,,3.504,4.3025
2023-06-01,3.631,2.9167,,,3.9885,3.651,2.8855,,3.527,4.285
2023-06-02,3.7476,2.954,,,4.045,3.715,2.924,,3.557,4.335
2023-06-05,3.7197,3.0102,,,4.175,3.7485,2.965,,3.652,4.39
2023-06-06,3.6875,2.9862,,,4.1427,3.766,,,3.627,4.39
2023-06-07,3.8142,3.0655,,,4.1826,3.922,3.008,,3.576,4.475
2023-06-08,3.7445,3.0187,,,4.33,3.9082,2.994,,3.66,4.5
2023-06-09,3.7675,2.9783,,,4.279,3.879,2.9415,,3.723,4.48
2023-06-12,3.754,2.9841,,,4.3053,3.8447,2.9135,,3.689,4.5
2023-06-13,3.8313,3.02,,,4.2894,3.9587,2.9425,,3.694,4.515
2023-06-14,3.81,3.039,,,4.2971,3.894,3.0025,,3.698,4.5
2023-06-15,3.7498,3.0774,,,4.323,3.8142,3.038,,3.701,4.41
2023-06-16,3.7925,3.053,,,4.361,3.8351,3.04,,3.709,4.475
2023-06-19,3.7925,3.103,,,4.332,3.8917,3.0685,,3.767,4.4475
2023-06-20,3.7512,2.995,,,4.2572,3.8266,2.9905,,3.711,4.4225
2023-06-21,3.747,3.0375,,,4.294,3.8719,3.05,,3.743,4.4375
2023-06-22,3.816,3.0906,,,4.32951,3.9389,3.123,,3.772,4.5075
2023-06-23,3.765,2.974,,,4.27097,3.8689,,,3.697,4.4887
2023-06-26,3.758,2.934,,,4.21674,3.8326,3.01,,3.734,4.4375
2023-06-27,3.7933,2.9808,,,4.22555,3.8375,3.02,,3.762,4.46
2023-06-28,3.735,2.948,,,4.14795,3.7447,2.975,,3.801,4.4025
2023-06-29,3.856,3.0345,,,4.29754,3.8725,3.048,,3.843,4.495
2023-06-30,3.8605,3.0053,,,4.28011,3.7821,3.0585,,3.869,4.5025
2023-07-03,,3.0535,,,4.27471,,3.0605,,3.893,4.49
2023-07-04,,3.0715,,,4.30413,3.829,3.09,,3.9,4.505
2023-07-05,,3.1003,,,4.34212,3.9256,3.0795,,3.852,4.625
2023-07-06,,3.245,,,4.53388,4.0012,3.233,,3.959,4.745
2023-07-07,,3.2532,,,4.57303,4.0879,3.225,,3.955,4.8225
2023-07-10,,3.2527,,,4.52,4.0303,3.278,,4.047,4.84
2023-07-11,,3.251,,,4.46913,4.0538,3.2985,,4.044,4.73
2023-07-12,,3.164,,,4.33376,3.9339,3.2405,,4.006,4.6
2023-07-13,,3.075,,,4.2888,3.8608,3.093,,3.928,4.57
2023-07-14,,3.1119,,,4.31272,3.8807,3.137,,3.952,4.57
2023-07-17,,3.075,,,4.30546,3.9068,3.1175,,3.938,4.51
2023-07-18,,2.9832,,,4.25985,3.8859,2.99,,3.8205,4.435
2023-07-19,,3.039,,,4.24462,3.8596,3.0055,,3.879,4.4475
2023-07-20,,3.0988,,,4.35781,3.9999,3.0645,,3.942,4.56
2023-07-21,,3.081,,,4.33807,3.9157,3.071,,3.947,4.605
2023-07-24,,3.0452,,,4.32043,4.0052,3.0245,,3.91,4.545
2023-07-25,,3.0295,,,4.3908,4.0226,3.024,,3.92,4.5525
2023-07-26,,3.082,,,4.32773,3.9889,3.0615,,3.953,4.565
2023-07-27,,3.074,,,4.30026,4.1204,3.02,,3.945,4.605
2023-07-28,,3.083,,,4.30119,4.0201,3.047,,4.015,4.6425
2023-07-31,,3.068,,,4.29133,4.0096,3.073,,4.05,4.6
2023-08-01,,3.141,,,4.35159,4.1193,3.106,,4.095,4.6425
2023-08-02,,3.119,,,4.31706,4.1414,3.138,,4.104,4.69
2023-08-03,,3.1873,,,4.39944,4.2293,3.2195,,4.174,4.78
2023-08-04,,3.1455,,,4.31313,4.066,3.21,,4.192,4.775
2023-08-07,,3.195,,,4.32743,4.066,3.2745,,4.231,4.7125
2023-08-08,,3.0763,,,4.27576,4.025,3.168,,4.145,4.67
2023-08-09,,3.0991,,,4.26398,4.0448,3.195,,4.155,4.68
2023-08-10,,3.123,,,4.299,4.1111,3.199,,4.0661,4.75
2023-08-11,,3.218,,,4.41934,4.1596,3.288,,4.055,4.7475
2023-08-14,,3.2141,,,4.43932,4.2012,3.318,,4.04,4.84
2023-08-15,,3.271,,,4.4665,4.2518,3.351,,4.106,4.85
2023-08-16,,3.2477,,,4.46263,4.2707,3.3155,,4.117,4.85
2023-08-17,,3.296,,,4.541,4.2806,3.373,,4.191,4.9475
2023-08-18,,3.2263,,,4.44887,4.2296,3.3445,,4.197,4.9425
2023-08-21,,3.2881,,,4.525,4.2918,3.428,,4.251,4.99
2023-08-22,,3.232,,,4.4695,4.3279,3.425,,4.23,5.0
2023-08-23,,3.1075,,,4.3515,4.1696,3.2905,,4.098,4.835
2023-08-24,,3.1235,,,4.38,4.2156,3.273,,4.076,4.82
2023-08-25,,3.1611,,,4.38761,4.2241,3.323,,4.092,4.8675
2023-08-28,,3.1548,,,4.388,4.1998,3.32,,4.094,4.85
2023-08-29,,3.096,,,4.312,4.1148,3.236,,4.0535,4.7675
2023-08-30,,3.1295,,,4.293,4.0965,3.257,,4.06,4.725
2023-08-31,,3.039,,,4.2455,4.0813,3.1765,,4.008,4.7
2023-09-01,,3.1227,,,4.28486,4.0685,3.204,,4.069,4.6725
2023-09-04,,3.1479,,,4.348,,3.2405,,4.13,4.81
2023-09-05,,3.1748,,,4.387,4.1892,3.2525,,4.137,4.8525
2023-09-06,,3.197,,,4.34224,4.1861,3.3095,,4.135,4.8425
2023-09-07,,3.162,,,4.3345,4.1424,3.3145,,4.154,4.803
2023-09-08,,3.1623,,,4.33298,4.1737,3.3005,,4.135,4.7625
2023-09-11,,3.1865,,,4.3815,4.196,3.3145,,4.125,4.84
2023-09-12,,3.1961,,,4.376,4.189,3.3165,,4.129,4.825
2023-09-13,,3.1935,,,4.3395,4.1852,3.3325,,4.122,4.835
2023-09-14,,3.1392,,,4.31138,4.1883,3.2435,,4.018,4.8025
2023-09-15,,3.21,,,4.35444,4.2385,3.3045,,4.056,4.78
2023-09-18,,3.2406,,,4.38693,4.2437,3.3415,,4.083,4.8625
2023-09-19,,3.2635,,,4.392,4.3511,3.355,,4.105,4.8925
2023-09-20,,3.233,,,4.3885,4.3958,3.325,,4.09,4.95
2023-09-21,,3.276,,,4.51685,4.452,3.3635,,4.19,5.055
2023-09-22,,3.2782,,,4.4791,4.3943,3.378,,4.207,5.04
2023-09-25,,3.3407,,,4.55575,4.4914,3.4515,,4.241,5.0775
2023-09-26,,3.3501,,,4.5715,4.4807,3.467,,4.247,5.0925
2023-09-27,,3.3791,,,4.6085,4.5517,3.459,,4.212,5.13
2023-09-28,,3.461,,,4.6565,4.5313,3.6005,,4.34,5.12
2023-09-29,,3.3898,,,4.63026,4.4965,3.448,,4.211,5.1825
2023-10-02,,3.4735,,,4.739,,3.538,,4.301,5.2775
2023-10-03,,3.518,,,4.77202,4.695,3.562,,4.347,5.325
2023-10-04,,3.4835,,,4.705,4.6101,3.555,,4.34,5.3125
2023-10-05,,3.4265,,,4.7285,4.5913,3.4765,,4.334,5.3175
2023-10-06,,3.4445,,,4.72566,4.614,3.508,,4.361,5.34
2023-10-09,,3.35,,,4.61385,,3.4135,,4.34,5.27
2023-10-10,,3.3505,,,4.62747,4.4633,3.3925,,4.257,5.26
2023-10-11,,3.2921,,,4.527,4.3959,3.323,,4.09,5.14
2023-10-12,,3.3575,,,4.60585,4.5008,3.348,,4.102,5.21
2023-10-13,,3.313,,,4.58481,4.423,3.356,,4.053,5.185
2023-10-16,,3.358,,,4.646,4.4808,3.416,,4.142,5.26
2023-10-17,,3.4335,,,4.7755,4.537,3.4905,,4.229,5.3225
2023-10-18,,3.4732,,,4.858,4.5716,3.512,,4.215,5.325
2023-10-19,,3.478,,,4.91645,4.6512,3.5315,,4.266,5.4225
2023-10-20,,3.4662,,,4.868,4.545,3.4955,,4.2265,5.365
2023-10-23,,3.4351,,,4.8595,4.49,3.5245,,4.259,5.365
2023-10-24,,3.3912,,,4.8655,4.4786,3.465,,4.201,5.275
2023-10-25,,3.4425,,,4.945,4.5767,3.508,,4.258,5.3375
2023-10-26,,3.3971,,,4.9425,4.4595,3.476,,4.263,5.3425
2023-10-27,,3.368,,,5.00294,4.4356,3.4465,,4.255,5.3575
2023-10-30,,3.364,,,5.121,4.4885,3.4235,,4.25,5.4025
2023-10-31,,3.346,,,5.112,4.5069,3.3875,,4.268,5.4275
2023-11-01,,3.29,,,5.008,4.3842,3.3499,,4.205,5.22
2023-11-02,,3.2306,,,4.86094,4.3162,3.29,,4.064,5.1225
2023-11-03,,3.152,,,4.8,4.204,3.2925,,3.983,5.145
2023-11-06,,3.2275,,,4.9275,4.2625,3.242,,4.03,5.1225
2023-11-07,,3.1553,,,4.77577,4.1991,3.182,,3.958,5.0025
2023-11-08,,3.1091,,,4.66975,4.1296,3.1655,,3.965,4.905
2023-11-09,,3.1372,,,4.79325,4.2675,3.207,,3.965,5.0275
2023-11-10,,3.1883,,,4.786,4.24,3.2545,,4.025,4.99
2023-11-13,,3.1846,,,4.82888,,3.2625,,4.03,4.9975
2023-11-14,,3.0807,,,4.72758,4.086,3.118,,3.941,4.86
2023-11-15,,3.123,,,4.7685,4.1282,3.13,,3.925,4.905
2023-11-16,,3.0772,,,4.67075,4.0328,3.079,,3.862,4.795
2023-11-17,,3.076,,,4.665,4.0439,3.056,,3.82,4.7587
2023-11-20,,3.0765,,,4.6794,4.0181,3.0375,,3.79,4.76
2023-11-21,,3.0455,,,4.6325,4.0072,2.998,,3.747,4.7575
2023-11-22,,3.0423,,,4.66475,4.0019,3.033,,3.733,4.795
2023-11-23,,3.1005,,,4.7165,4.055,3.061,,3.806,4.835
2023-11-24,,3.1215,,,4.74412,4.0628,3.05,,3.82,4.8675
2023-11-27,,3.0385,,,4.67195,3.9973,2.98,,3.752,4.8075
2023-11-28,,2.985,,,4.624,3.9326,2.915,,3.718,4.755
2023-11-29,,2.9276,,,4.5435,3.8598,2.8615,,3.625,4.7525
2023-11-30,,2.9415,,,4.64968,3.9165,2.91,,3.6839,4.8275
2023-12-01,,2.8578,,,4.5765,3.7787,2.814,,3.647,4.8475
2023-12-04,,2.8305,,,4.58775,3.8088,2.7051,,3.572,4.765
2023-12-05,,2.7273,,,4.449,3.7089,2.623,,3.506,4.6225
2023-12-06,,2.6821,,,4.37025,3.6519,2.623,,3.436,4.66
2023-12-07,,2.6712,,,4.43832,3.6724,2.5825,,3.427,4.6925
2023-12-08,,2.744,,,4.493,3.7233,2.6385,,3.505,4.73
2023-12-11,,2.7517,,,4.46653,3.7514,2.6325,,3.45,4.7475
2023-12-12,,2.7063,,,4.42623,3.7456,2.574,,3.412,4.6925
2023-12-13,,2.6435,,,4.276,3.598,2.5015,,3.359,4.4525
2023-12-14,,2.59,,,4.24,3.512,2.4365,,3.336,4.3775
2023-12-15,,2.4851,,,4.2045,3.4748,2.351,,3.291,4.41
2023-12-18,,2.546,,,4.192,3.5073,2.352,,3.296,4.36
2023-12-19,,2.49,,,4.192,3.4718,2.31,,3.295,4.325
2023-12-20,,2.4367,,,4.1113,3.3776,2.27,,3.299,4.2475
2023-12-21,,2.4425,,,4.15138,3.4344,2.319,,3.364,4.325
2023-12-22,,2.4504,,,4.103,3.493,2.338,,3.403,4.3125
2023-12-25,,,,,,,,,3.398,4.3125
2023-12-26,,,,,4.1155,3.4881,2.33,,3.398,4.31
2023-12-27,,2.38,,,3.995,3.3667,2.281,,3.343,4.1425
2023-12-28,,2.4232,,,4.05125,3.4139,2.307,,3.296,4.125
2023-12-29,,2.4918,,,4.05489,3.412,2.357,,3.333,4.1425
2024-01-01,,,,,4.061,,,,3.335,4.1425
2024-01-02,,2.52,,,4.1198,3.4732,2.373,,3.334,4.2175
2024-01-03,,2.4707,,,4.1365,3.4677,2.346,,3.272,4.2575
2024-01-04,,2.5675,,,4.222,3.5521,2.446,,3.48,4.3675
2024-01-05,,2.6011,,,4.27375,3.5756,2.511,,3.462,4.3675
2024-01-08,,2.5803,,,4.26271,3.5655,2.5055,,3.446,4.3575
2024-01-09,,2.6405,,,4.22175,3.5564,2.55,,3.447,4.365
2024-01-10,,2.6585,,,4.2775,3.6027,2.5775,,3.476,4.425
2024-01-11,,2.6377,,,4.20087,3.566,2.556,,3.493,4.385
2024-01-12,,2.5925,,,4.21631,3.541,2.4925,,3.479,4.3675
2024-01-15,,2.624,,,4.27875,3.546,2.5125,,3.55,4.38
2024-01-16,,2.6519,,,4.326,3.6786,2.505,,3.584,4.43
2024-01-17,,2.6855,,,4.379,3.7508,2.61,,3.68,4.46
2024-01-18,,2.732,,,4.414,3.8129,2.662,,3.625,4.475
2024-01-19,,2.7199,,,4.41475,3.8324,2.686,,3.639,4.5125
2024-01-22,,2.6875,,,4.337,3.7941,2.623,,3.607,4.42
2024-01-23,,2.7495,,,4.343,3.822,2.6875,,3.642,4.43
2024-01-24,,2.7271,,,4.3828,3.8447,2.6725,,3.662,4.515
2024-01-25,,2.6745,,,4.355,3.8165,2.6255,,3.675,4.495
2024-01-26,,2.6775,,,4.34075,3.8608,2.6575,,3.73,4.4881
2024-01-29,,2.624,,,4.27525,3.7924,2.6225,,3.696,4.46
2024-01-30,,2.6545,,,4.25525,3.7536,2.6375,,3.663,4.445
2024-01-31,,2.5642,,,4.0966,3.6774,2.5525,,3.586,4.3575
2024-02-01,,2.5503,,,4.0987,3.617,2.5125,,3.549,4.375
2024-02-02,,2.627,,,4.21389,3.7291,2.54,,3.594,4.345
2024-02-05,,2.7015,,,4.27369,3.8582,2.6375,,3.72,4.445
2024-02-06,,2.673,,,4.2244,3.7727,2.613,,3.69,4.4925
2024-02-07,,2.7045,,,4.2625,3.8072,2.645,,3.675,4.5775
2024-02-08,,2.7413,,,4.2595,3.882,2.7,,3.692,4.585
2024-02-09,,2.759,,,4.31421,3.8761,2.725,,3.742,4.625
2024-02-12,,2.7271,,,4.3021,3.915,2.75,,3.75,4.69
2024-02-13,,2.7608,,,4.3935,3.9858,2.77,,3.794,4.78
2024-02-14,,2.6963,,,4.348,3.8922,2.753,,3.858,4.735
2024-02-15,,2.715,,,4.2875,3.8872,2.7475,,3.783,4.61
2024-02-16,,2.75,,,4.35675,3.9334,2.7735,,3.884,4.673
2024-02-19,,2.765,,,4.3295,,2.815,,3.918,4.7175
2024-02-20,,2.7264,,,4.3025,3.868,2.762,,3.883,4.6675
2024-02-21,,2.79,,,4.33304,3.9037,2.82,,3.883,4.72
2024-02-22,,2.7782,,,4.31079,3.8894,2.7875,,3.882,4.715
2024-02-23,,2.698,,,4.2685,3.8041,2.7575,,3.872,4.7106
2024-02-26,,2.7838,,,4.28625,3.8343,2.813,,3.877,4.68
2024-02-27,,2.8003,,,4.3045,3.8864,2.825,,3.913,4.7325
2024-02-28,,2.7865,,,4.26875,3.8556,2.831,,3.925,4.5925
2024-02-29,,2.726,,,4.2584,3.8209,2.789,,3.876,4.5475
2024-03-01,,2.722,,,4.244,3.7629,2.767,,3.859,4.5625
2024-03-04,,2.6992,,,4.2487,3.7847,2.714,,3.806,4.55
2024-03-05,,2.6225,,,4.17125,3.6953,2.6315,,3.751,4.465
2024-03-06,,2.6237,,,4.12153,3.6835,2.6455,,3.771,4.4425
2024-03-07,,2.6047,,,4.1315,3.6853,2.6225,,3.74,4.425
2024-03-08,,2.555,,,4.104,3.6485,2.52,,3.642,4.3925
2024-03-11,,2.5782,,,4.10275,3.6547,2.542,,3.614,4.3625
2024-03-12,,2.5917,,,4.136,3.7024,2.553,,3.576,4.3875
2024-03-13,,2.622,,,4.177,3.7416,2.5775,,3.604,4.405
2024-03-14,,2.6955,,,4.254,3.8578,2.666,,3.6849,4.49
2024-03-15,,2.7041,,,4.26292,3.8675,2.7,,3.742,4.47
2024-03-18,,2.7234,,,4.2575,3.9228,2.733,,3.796,4.4675
2024-03-19,,2.7153,,,4.2005,3.8461,2.7345,,3.785,4.43
2024-03-20,,2.7085,,,4.1539,3.8147,2.7175,,3.745,4.405
2024-03-21,,2.6912,,,4.224,3.8442,2.691,,3.752,4.41
2024-03-22,,2.6189,,,4.1275,3.7688,2.6325,,3.684,4.3781
2024-03-25,,2.6556,,,4.164,3.8243,2.67,,3.716,4.435
2024-03-26,,2.6316,,,4.14507,3.835,2.676,,3.737,4.395
2024-03-27,,2.582,,,4.0965,3.7712,2.6245,,3.701,4.37
2024-03-28,,2.5807,,,4.09677,3.806,2.6525,,3.701,4.365
2024-03-29,,,,,,,,,3.702,4.365
2024-04-01,,,,,4.0945,3.9222,,,,4.46
2024-04-02,,2.6793,,,4.2015,3.9409,2.774,,3.833,4.4675
2024-04-03,,2.681,,,4.23694,3.9267,2.791,,3.889,4.4875
2024-04-04,,2.6445,,,4.2255,3.8786,2.748,,3.801,4.4725
2024-04-05,,2.6825,,,4.22157,3.9305,2.76,,3.847,4.4625
2024-04-08,,2.7133,,,4.25375,3.9656,2.8305,,3.899,4.545
2024-04-09,,2.652,,,4.1866,3.8921,2.775,,3.845,4.54
2024-04-10,,2.7102,,,4.28625,4.0312,2.8185,,3.869,4.5875
2024-04-11,,2.7583,,,4.367,4.0713,2.885,,3.9361,4.665
2024-04-12,,2.6742,,,4.28475,3.9932,2.736,,3.885,4.715
2024-04-15,,2.7473,,,4.39606,4.0766,2.8575,,3.971,4.6925
2024-04-16,,2.8107,,,4.4495,4.069,2.9245,,4.053,4.765
2024-04-17,,2.7702,,,4.4285,4.0378,2.895,,4.015,4.765
2024-04-18,,2.8052,,,4.42825,4.0906,2.888,,4.005,4.755
2024-04-19,,2.8057,,,4.38978,4.0728,2.91,,4.027,4.7
2024-04-22,,2.7947,,,4.38895,4.088,2.8975,,4.045,4.73
2024-04-23,,2.8085,,,4.36289,4.0983,2.884,,4.025,4.7175
2024-04-24,,2.892,,,4.5355,4.1285,2.946,,4.054,4.755
2024-04-25,,2.9237,,,4.59897,4.1972,2.9855,,4.084,4.8075
2024-04-26,,2.862,,,4.59221,4.1476,2.916,,4.029,4.825
2024-04-29,,2.8142,,,4.57407,4.0796,2.8735,,4.005,4.825
2024-04-30,,2.8633,,,4.558,4.1407,2.88,,4.047,4.79
2024-05-01,,,,,4.60361,4.0818,2.87,,4.0475,4.785
2024-05-02,,2.8168,,,4.5265,4.0607,2.8725,,4.016,4.665
2024-05-03,,2.7762,,,4.475,3.971,2.807,,3.913,4.6456
2024-05-06,,2.755,,,4.4695,3.934,2.751,,3.875,4.5825
2024-05-07,,2.7092,,,4.3435,3.9021,2.695,,3.826,4.55
2024-05-08,,2.7473,,,4.4035,3.9461,2.7355,,3.88,4.582
2024-05-09,,2.777,,,4.448,3.9297,2.7635,,3.88,4.61
2024-05-10,,2.799,,,4.4675,4.0024,2.752,,3.892,4.595
2024-05-13,,2.7805,,,4.40912,3.985,2.726,,3.875,4.57
2024-05-14,,2.8173,,,4.4295,3.9929,2.739,,3.893,4.575
2024-05-15,,2.7048,,,4.3155,3.8727,2.6625,,3.822,4.49
2024-05-16,,2.7408,,,4.292,3.8751,2.65,,3.805,4.4775
2024-05-17,,2.7868,,,4.3155,3.936,2.695,,3.82,4.4675
2024-05-20,,2.801,,,4.31841,,2.7175,,3.805,4.4925
2024-05-21,,2.771,,,4.30358,3.8903,2.684,,3.846,4.4875
2024-05-22,,2.7966,,,4.34658,3.9022,2.715,,3.86,4.59
2024-05-23,,2.7965,,,4.31541,3.9022,2.745,,3.873,4.5675
